/* Archivo generado para ESP32 CYD (TFT_eSPI) */
#include <stdint.h>
#ifdef __AVR__
#include <avr/pgmspace.h>
#else
#define PROGMEM
#endif

const uint16_t sprite_lawyer_width = 111;
const uint16_t sprite_lawyer_height = 200;

const uint16_t sprite_lawyer[22200] PROGMEM = {
0xFFFF, 0xFFFF, 0xFFFF, 0xFFFF, 0xFFFF, 0xFFFF, 0xFFFF, 0xFFFF, 0xFFFF, 0xFFFF, 0xFFFF, 0xFFFF, 
    0xFFFF, 0xFFFF, 0xFFFF, 0xFFFF, 0xFFFF, 0xFFFF, 0xFFFF, 0xFFFF, 0xFFFF, 0xFFFF, 0xFFFF, 0xFFFF, 
    0xFFFF, 0xFFFF, 0xFFFF, 0xFFFF, 0xFFFF, 0xFFFF, 0xFFFF, 0xFFFF, 0xFFFF, 0xFFFF, 0xFFFF, 0xFFFF, 
    0xFFFF, 0xFFFF, 0xFFFF, 0xFFFF, 0xFFFF, 0xFFFF, 0xFFFF, 0xFFFF, 0xFFFF, 0xFFFF, 0xFFFF, 0xFFFF, 
    0xFFFF, 0xFFFF, 0xFFFF, 0xFFFF, 0xFFFF, 0xFFFF, 0xFFFF, 0xFFFF, 0xFFFF, 0xFFFF, 0xFFFF, 0xFFFF, 
    0xFFFF, 0xFFFF, 0xFFFF, 0xFFFF, 0xFFFF, 0xFFFF, 0xFFFF, 0xFFFF, 0xFFFF, 0xFFFF, 0xFFFF, 0xFFFF, 
    0xFFFF, 0xFFFF, 0xFFFF, 0xFFFF, 0xFFFF, 0xFFFF, 0xFFFF, 0xFFFF, 0xFFFF, 0xFFFF, 0xFFFF, 0xFFFF, 
    0xFFFF, 0xFFFF, 0xFFFF, 0xFFFF, 0xFFFF, 0xFFFF, 0xFFFF, 0xFFFF, 0xFFFF, 0xFFFF, 0xFFFF, 0xFFFF, 
    0xFFFF, 0xFFFF, 0xFFFF, 0xFFFF, 0xFFFF, 0xFFFF, 0xFFFF, 0xFFFF, 0xFFFF, 0xFFFF, 0xFFFF, 0xFFFF, 
    0xFFFF, 0xFFFF, 0xFFFF, 0xFFFF, 0xFFFF, 0xFFFF, 0xFFFF, 0xFFFF, 0xFFFF, 0xFFFF, 0xFFFF, 0xFFFF, 
    0xFFFF, 0xFFFF, 0xFFFF, 0xFFFF, 0xFFFF, 0xFFFF, 0xFFFF, 0xFFFF, 0xFFFF, 0xFFFF, 0xFFFF, 0xFFFF, 
    0xFFFF, 0xFFFF, 0xFFFF, 0xFFFF, 0xFFFF, 0xFFFF, 0xFFFF, 0xFFFF, 0xFFFF, 0xFFFF, 0xFFFF, 0xFFFF, 
    0xFFFF, 0xFFFF, 0xFFFF, 0xFFFF, 0xFFFF, 0xFFFF, 0xFFFF, 0xFFFF, 0xFFFF, 0xFFFF, 0xFFFF, 0xFFFF, 
    0xFFFF, 0xFFFF, 0xFFFF, 0xFFFF, 0xFFFF, 0xFFFF, 0xFFFF, 0xFFFF, 0xFFFF, 0xFFFF, 0xFFFF, 0xFFFF, 
    0xFFFF, 0xFFFF, 0xFFFF, 0xFFFF, 0xFFFF, 0xFFFF, 0xFFFF, 0xFFFF, 0xFFFF, 0xFFFF, 0xFFFF, 0xFFFF, 
    0xFFFF, 0xFFFF, 0xFFFF, 0xFFFF, 0xFFFF, 0xFFFF, 0xFFFF, 0xFFFF, 0xFFFF, 0xFFFF, 0xFFFF, 0xFFFF, 
    0xFFFF, 0xFFFF, 0xFFFF, 0xFFFF, 0xFFFF, 0xFFFF, 0xFFFF, 0xFFFF, 0xFFFF, 0xFFFF, 0xFFFF, 0xFFFF, 
    0xFFFF, 0xFFFF, 0xFFFF, 0xFFFF, 0xFFFF, 0xFFFF, 0xFFFF, 0xFFFF, 0xFFFF, 0xFFFF, 0xFFFF, 0xFFFF, 
    0xFFFF, 0xFFFF, 0xFFFF, 0xFFFF, 0xFFFF, 0xFFFF, 0xFFFF, 0xFFFF, 0xFFFF, 0xFFFF, 0xFFFF, 0xFFFF, 
    0xFFFF, 0xFFFF, 0xFFFF, 0xFFFF, 0xFFFF, 0xFFFF, 0xFFFF, 0xFFFF, 0xFFFF, 0xFFFF, 0xFFFF, 0xFFFF, 
    0xFFFF, 0xFFFF, 0xFFFF, 0xFFFF, 0xFFFF, 0xFFFF, 0xFFFF, 0xFFFF, 0xFFFF, 0xFFFF, 0xFFFF, 0xFFFF, 
    0xFFFF, 0xFFFF, 0xFFFF, 0xFFFF, 0xFFFF, 0xFFFF, 0xFFFF, 0xFFFF, 0xFFFF, 0xFFFF, 0xFFFF, 0xFFFF, 
    0xFFFF, 0xFFFF, 0xFFFF, 0xFFFF, 0xFFFF, 0xFFFF, 0xFFFF, 0xFFFF, 0xFFFF, 0xFFFF, 0xFFFF, 0xFFFF, 
    0xFFFF, 0xFFFF, 0xFFFF, 0xFFFF, 0xFFFF, 0xFFFF, 0xFFFF, 0xFFFF, 0xFFFF, 0xFFFF, 0xFFFF, 0xFFFF, 
    0xFFFF, 0xFFFF, 0xFFFF, 0xFFFF, 0xFFFF, 0xFFFF, 0xFFFF, 0xFFFF, 0xFFFF, 0xFFFF, 0xFFFF, 0xFFFF, 
    0xFFFF, 0xFFFF, 0xFFFF, 0xFFFF, 0xFFFF, 0xFFFF, 0xFFFF, 0xFFFF, 0xFFFF, 0xFFFF, 0xFFFF, 0xFFFF, 
    0xFFFF, 0xFFFF, 0xFFFF, 0xFFFF, 0xFFFF, 0xFFFF, 0xFFFF, 0xFFFF, 0xFFFF, 0xFFFF, 0xFFFF, 0xFFFF, 
    0xFFFF, 0xFFFF, 0xFFFF, 0xFFFF, 0xFFFF, 0xFFFF, 0xFFFF, 0xFFFF, 0xFFFF, 0xFFFF, 0xFFFF, 0xFFFF, 
    0xFFFF, 0xFFFF, 0xFFFF, 0xFFFF, 0xFFFF, 0xFFFF, 0xFFFF, 0xFFFF, 0xFFFF, 0xFFFF, 0xFFFF, 0xFFFF, 
    0xFFFF, 0xFFFF, 0xFFFF, 0xFFFF, 0xFFFF, 0xFFFF, 0xFFFF, 0xFFFF, 0xFFFF, 0xFFFF, 0xFFFF, 0xFFFF, 
    0xFFFF, 0xFFFF, 0xFFFF, 0xFFFF, 0xFFFF, 0xFFFF, 0xFFFF, 0xFFFF, 0xFFFF, 0xFFFF, 0xFFFF, 0xFFFF, 
    0xFFFF, 0xFFFF, 0xFFFF, 0xFFFF, 0xFFFF, 0xFFFF, 0xFFFF, 0xFFFF, 0xFFFF, 0xFFFF, 0xFFFF, 0xFFFF, 
    0xFFFF, 0xFFFF, 0xFFFF, 0xFFFF, 0xFFFF, 0xFFFF, 0xFFFF, 0xFFFF, 0xFFFF, 0xFFFF, 0xFFFF, 0xFFFF, 
    0xFFFF, 0xFFFF, 0xFFFF, 0xFFFF, 0xFFFF, 0xFFFF, 0xFFFF, 0xFFFF, 0xFFFF, 0xFFFF, 0xFFFF, 0xFFFF, 
    0xFFFF, 0xFFFF, 0xFFFF, 0xFFFF, 0xFFFF, 0xFFFF, 0xFFFF, 0xFFFF, 0xFFFF, 0xFFFF, 0xFFFF, 0xFFFF, 
    0xFFFF, 0xFFFF, 0xFFFF, 0xFFFF, 0xFFFF, 0xFFFF, 0xFFFF, 0xFFFF, 0xFFFF, 0xFFFF, 0xFFFF, 0xFFFF, 
    0xFFFF, 0xFFFF, 0xFFFF, 0xFFFF, 0xFFFF, 0xFFFF, 0xFFFF, 0xFFFF, 0xFFFF, 0xFFFF, 0xFFFF, 0xFFFF, 
    0xFFFF, 0xFFFF, 0xFFFF, 0xFFFF, 0xFFFF, 0xFFFF, 0xFFFF, 0xFFFF, 0xFFFF, 0xFFFF, 0xFFFF, 0xFFFF, 
    0xFFFF, 0xFFFF, 0xFFFF, 0xFFFF, 0xFFFF, 0xFFFF, 0xFFFF, 0xFFFF, 0xFFFF, 0xFFFF, 0xFFFF, 0xFFFF, 
    0xFFFF, 0xFFFF, 0xFFFF, 0xFFFF, 0xFFFF, 0xFFFF, 0xFFFF, 0xFFFF, 0xFFFF, 0xFFFF, 0xFFFF, 0xFFFF, 
    0xFFFF, 0xFFFF, 0xFFFF, 0xFFFF, 0xFFFF, 0xFFFF, 0xFFFF, 0xFFFF, 0xFFFF, 0xFFFF, 0xFFFF, 0xFFFF, 
    0xFFFF, 0xFFFF, 0xFFFF, 0xFFFF, 0xFFFF, 0xFFFF, 0xFFFF, 0xFFFF, 0xFFFF, 0xFFFF, 0xFFFF, 0xFFFF, 
    0xFFFF, 0xFFFF, 0xFFFF, 0xFFFF, 0xFFFF, 0xFFFF, 0xFFFF, 0xFFFF, 0xFFFF, 0xFFFF, 0xFFFF, 0xFFFF, 
    0xFFFF, 0xFFFF, 0xFFFF, 0xFFFF, 0xFFFF, 0xFFFF, 0xFFFF, 0xFFFF, 0xFFFF, 0xFFFF, 0xFFFF, 0xFFFF, 
    0xFFFF, 0xFFFF, 0xFFFF, 0xFFFF, 0xFFFF, 0xFFFF, 0xFFFF, 0xFFFF, 0xFFFF, 0xFFFF, 0xFFFF, 0xFFFF, 
    0xFFFF, 0xFFFF, 0xFFFF, 0xFFFF, 0xFFFF, 0xFFFF, 0xFFFF, 0xFFFF, 0xFFFF, 0xFFFF, 0xFFFF, 0xFFFF, 
    0xFFFF, 0xFFFF, 0xFFFF, 0xFFFF, 0xFFFF, 0xFFFF, 0xFFFF, 0xFFFF, 0xFFFF, 0xFFFF, 0xFFFF, 0xFFFF, 
    0xFFFF, 0xFFFF, 0xFFFF, 0xFFFF, 0xFFFF, 0xFFFF, 0xFFFF, 0xFFFF, 0xFFFF, 0xFFFF, 0xFFFF, 0xFFFF, 
    0xFFFF, 0xFFFF, 0xFFFF, 0xFFFF, 0xFFFF, 0xFFFF, 0xFFFF, 0xFFFF, 0xFFFF, 0xFFFF, 0xFFFF, 0xFFFF, 
    0xFFFF, 0xFFFF, 0xFFFF, 0xFFFF, 0xFFFF, 0xFFFF, 0xFFFF, 0xFFFF, 0xFFFF, 0xFFFF, 0xFFFF, 0xFFFF, 
    0xFFFF, 0xFFFF, 0xFFFF, 0xFFFF, 0xFFFF, 0xFFFF, 0xFFFF, 0xFFFF, 0xFFFF, 0xFFFF, 0xFFFF, 0xFFFF, 
    0xFFFF, 0xFFFF, 0xFFFF, 0xFFFF, 0xFFFF, 0xFFFF, 0xFFFF, 0xFFFF, 0xFFFF, 0xFFFF, 0xFFFF, 0xFFFF, 
    0xFFFF, 0xFFFF, 0xFFFF, 0xFFFF, 0xFFFF, 0xFFFF, 0xFFFF, 0xFFFF, 0xFFFF, 0xFFFF, 0xFFFF, 0xFFFF, 
    0xFFFF, 0xFFFF, 0xFFFF, 0xFFFF, 0xFFFF, 0xFFFF, 0xFFFF, 0xFFFF, 0xFFFF, 0xFFFF, 0xFFFF, 0xFFFF, 
    0xFFFF, 0xFFFF, 0xFFFF, 0xFFFF, 0xFFFF, 0xFFFF, 0xFFFF, 0xFFFF, 0xFFFF, 0xFFFF, 0xFFFF, 0xFFFF, 
    0xFFFF, 0xFFFF, 0xFFFF, 0xFFFF, 0xFFFF, 0xFFFF, 0xFFFF, 0xFFFF, 0xFFFF, 0xFFFF, 0xFFFF, 0xFFFF, 
    0xFFFF, 0xFFFF, 0xFFFF, 0xFFFF, 0xFFFF, 0xFFFF, 0xFFFF, 0xFFFF, 0xFFFF, 0xFFFF, 0xFFFF, 0xFFFF, 
    0xFFFF, 0xFFFF, 0xFFFF, 0xFFFF, 0xFFFF, 0xFFFF, 0xFFFF, 0xFFFF, 0xFFFF, 0xFFFF, 0xFFFF, 0xFFFF, 
    0xFFFF, 0xFFFF, 0xFFFF, 0xFFFF, 0xFFFF, 0xFFFF, 0xFFFF, 0xFFFF, 0xFFFF, 0xFFFF, 0xFFFF, 0xFFFF, 
    0xFFFF, 0xFFFF, 0xFFFF, 0xFFFF, 0xFFFF, 0xFFFF, 0xFFFF, 0xFFFF, 0xFFFF, 0xFFFF, 0xFFFF, 0xFFFF, 
    0xFFFF, 0xFFFF, 0xFFFF, 0xFFFF, 0xFFFF, 0xFFFF, 0xFFFF, 0xFFFF, 0xFFFF, 0xFFFF, 0xFFFF, 0xFFFF, 
    0xFFFF, 0xFFFF, 0xFFFF, 0xFFFF, 0xFFFF, 0xFFFF, 0xFFFF, 0xFFFF, 0xFFFF, 0xFFFF, 0xFFFF, 0xFFFF, 
    0xFFFF, 0xFFFF, 0xFFFF, 0xFFFF, 0xFFFF, 0xFFFF, 0xFFFF, 0xFFFF, 0xFFFF, 0xFFFF, 0xFFFF, 0xFFFF, 
    0xFFFF, 0xFFFF, 0xFFFF, 0xFFFF, 0xFFFF, 0xFFFF, 0xFFFF, 0xFFFF, 0xFFFF, 0xFFFF, 0xFFFF, 0xFFFF, 
    0xFFFF, 0xFFFF, 0xFFFF, 0xFFFF, 0xFFFF, 0xFFFF, 0xFFFF, 0xFFFF, 0xFFFF, 0xFFFF, 0xFFFF, 0xFFFF, 
    0xFFFF, 0xFFFF, 0xFFFF, 0xFFFF, 0xFFFF, 0xFFFF, 0xFFFF, 0xFFFF, 0xFFFF, 0xFFFF, 0xFFFF, 0xFFFF, 
    0xFFFF, 0xFFFF, 0xFFFF, 0xFFFF, 0xFFFF, 0xFFFF, 0xFFFF, 0xFFFF, 0xFFFF, 0xFFFF, 0xFFFF, 0xFFFF, 
    0xFFFF, 0xFFFF, 0xFFFF, 0xFFFF, 0xFFFF, 0xFFFF, 0xFFFF, 0xFFFF, 0xFFFF, 0xFFFF, 0xFFFF, 0xFFFF, 
    0xFFFF, 0xFFFF, 0xFFFF, 0xFFFF, 0xFFFF, 0xFFFF, 0xFFFF, 0xFFFF, 0xFFFF, 0xFFFF, 0xFFFF, 0xFFFF, 
    0xFFFF, 0xFFFF, 0xFFFF, 0xFFFF, 0xFFFF, 0xFFFF, 0xFFFF, 0xFFFF, 0xFFFF, 0xFFFF, 0xFFFF, 0xFFFF, 
    0xFFFF, 0xFFFF, 0xFFFF, 0xFFFF, 0xFFFF, 0xFFFF, 0xFFFF, 0xFFFF, 0xFFFF, 0xFFFF, 0xFFFF, 0xFFFF, 
    0xFFFF, 0xFFFF, 0xFFFF, 0xFFFF, 0xFFFF, 0xFFFF, 0xFFFF, 0xFFFF, 0xFFFF, 0xFFFF, 0xFFFF, 0xFFFF, 
    0xFFFF, 0xFFFF, 0xFFFF, 0xFFFF, 0xFFFF, 0xFFFF, 0xFFFF, 0xFFFF, 0xFFFF, 0xFFFF, 0xFFFF, 0xFFFF, 
    0xFFFF, 0xFFFF, 0xFFFF, 0xFFFF, 0xFFFF, 0xFFFF, 0xFFFF, 0xFFFF, 0xFFFF, 0xFFFF, 0xFFFF, 0xFFFF, 
    0xFFFF, 0xFFFF, 0xFFFF, 0xFFFF, 0xFFFF, 0xFFFF, 0xFFFF, 0xFFFF, 0xFFFF, 0xFFFF, 0xFFFF, 0xFFFF, 
    0xFFFF, 0xFFFF, 0xFFFF, 0xFFFF, 0xFFFF, 0xFFFF, 0xFFFF, 0xFFFF, 0xFFFF, 0xFFFF, 0xFFFF, 0xFFFF, 
    0xFFFF, 0xFFFF, 0xFFFF, 0xFFFF, 0xFFFF, 0xFFFF, 0xFFFF, 0xFFFF, 0xFFFF, 0xFFFF, 0xFFFF, 0xFFFF, 
    0xFFFF, 0xFFFF, 0xFFFF, 0xFFFF, 0xFFFF, 0xFFFF, 0xFFFF, 0xFFFF, 0xFFFF, 0xFFFF, 0xFFFF, 0xFFFF, 
    0xFFFF, 0xFFFF, 0xFFFF, 0xFFFF, 0xFFFF, 0xFFFF, 0xFFFF, 0xFFFF, 0xFFFF, 0xFFFF, 0xFFFF, 0xFFFF, 
    0xFFFF, 0xFFFF, 0xFFFF, 0xFFFF, 0xFFFF, 0xFFFF, 0xFFFF, 0xFFFF, 0xFFFF, 0xFFFF, 0xFFFF, 0xFFFF, 
    0xFFFF, 0xFFFF, 0xFFFF, 0xFFFF, 0xFFFF, 0xFFFF, 0xFFFF, 0xFFFF, 0xFFFF, 0xFFFF, 0xFFFF, 0xFFFF, 
    0xFFFF, 0xFFFF, 0xFFFF, 0xFFFF, 0xFFFF, 0xFFFF, 0xFFFF, 0xFFFF, 0xFFFF, 0xFFFF, 0xFFFF, 0xFFFF, 
    0xFFFF, 0xFFFF, 0xFFFF, 0xFFFF, 0xFFFF, 0xFFFF, 0xFFFF, 0xFFFF, 0xFFFF, 0xFFFF, 0xFFFF, 0xFFFF, 
    0xFFFF, 0xFFFF, 0xFFFF, 0xFFFF, 0xFFFF, 0xFFFF, 0xFFFF, 0xFFFF, 0xFFFF, 0xFFFF, 0xFFFF, 0xFFFF, 
    0xFFFF, 0xFFFF, 0xFFFF, 0xFFFF, 0xFFFF, 0xFFFF, 0xFFFF, 0xFFFF, 0xFFFF, 0xFFFF, 0xFFFF, 0xFFFF, 
    0xFFFF, 0xFFFF, 0xFFFF, 0xFFFF, 0xFFFF, 0xFFFF, 0xFFFF, 0xFFFF, 0xFFFF, 0xFFFF, 0xFFFF, 0xFFFF, 
    0xFFFF, 0xFFFF, 0xFFFF, 0xFFFF, 0xFFFF, 0xFFFF, 0xFFFF, 0xFFFF, 0xFFFF, 0xFFFF, 0xFFFF, 0xFFFF, 
    0xFFFF, 0xFFFF, 0xFFFF, 0xFFFF, 0xFFFF, 0xFFFF, 0xFFFF, 0xFFFF, 0xFFFF, 0xFFFF, 0xFFFF, 0xFFFF, 
    0xFFFF, 0xFFFF, 0xFFFF, 0xFFFF, 0xFFFF, 0xFFFF, 0xFFFF, 0xFFFF, 0xFFFF, 0xFFFF, 0xFFFF, 0xFFFF, 
    0xFFFF, 0xFFFF, 0xFFFF, 0xFFFF, 0xFFFF, 0xFFFF, 0xFFFF, 0xFFFF, 0xFFFF, 0xFFFF, 0xFFFF, 0xFFFF, 
    0xFFFF, 0xFFFF, 0xFFFF, 0xFFFF, 0xFFFF, 0xFFFF, 0xFFFF, 0xFFFF, 0xFFFF, 0xFFFF, 0xFFFF, 0xFFFF, 
    0xFFFF, 0xFFFF, 0xFFFF, 0xFFFF, 0xFFFF, 0xFFFF, 0xFFFF, 0xFFFF, 0xFFFF, 0xFFFF, 0xFFFF, 0xFFFF, 
    0xFFFF, 0xFFFF, 0xFFFF, 0xFFFF, 0xFFFF, 0xFFFF, 0xFFFF, 0xFFFF, 0xFFFF, 0xFFFF, 0xFFFF, 0xFFFF, 
    0xFFFF, 0xFFFF, 0xFFFF, 0xFFFF, 0xFFFF, 0xFFFF, 0xFFFF, 0xFFFF, 0xFFFF, 0xFFFF, 0xFFFF, 0xFFFF, 
    0xFFFF, 0xFFFF, 0xFFFF, 0xFFFF, 0xFFFF, 0xFFFF, 0xFFFF, 0xFFFF, 0xFFFF, 0xFFFF, 0xFFFF, 0xFFFF, 
    0xFFFF, 0xFFFF, 0xFFFF, 0xFFFF, 0xFFFF, 0xFFFF, 0xFFFF, 0xFFFF, 0xFFFF, 0xFFFF, 0xFFFF, 0xFFFF, 
    0xFFFF, 0xFFFF, 0xFFFF, 0xFFFF, 0xFFFF, 0xFFFF, 0xFFFF, 0xFFFF, 0xFFFF, 0xFFFF, 0xFFFF, 0xFFFF, 
    0xFFFF, 0xFFFF, 0xFFFF, 0xFFFF, 0xFFFF, 0xFFFF, 0xFFFF, 0xFFFF, 0xFFFF, 0xFFFF, 0xFFFF, 0xFFFF, 
    0xFFFF, 0xFFFF, 0xFFFF, 0xFFFF, 0xFFFF, 0xFFFF, 0xFFFF, 0xFFFF, 0xFFFF, 0xFFFF, 0xFFFF, 0xFFFF, 
    0xFFFF, 0xFFFF, 0xFFFF, 0xFFFF, 0xFFFF, 0xFFFF, 0xFFFF, 0xFFFF, 0xFFFF, 0xFFFF, 0xFFFF, 0xFFFF, 
    0xFFFF, 0xFFFF, 0xFFFF, 0xFFFF, 0xFFFF, 0xFFFF, 0xFFFF, 0xFFFF, 0xFFFF, 0xFFFF, 0xFFFF, 0xFFFF, 
    0xFFFF, 0xFFFF, 0xFFFF, 0xFFFF, 0xFFFF, 0xFFFF, 0xFFFF, 0xFFFF, 0xFFFF, 0xFFFF, 0xFFFF, 0xFFFF, 
    0xFFFF, 0xFFFF, 0xFFFF, 0xFFFF, 0xFFFF, 0xFFFF, 0xFFFF, 0xFFFF, 0xFFFF, 0xFFFF, 0xFFFF, 0xFFFF, 
    0xFFFF, 0xFFFF, 0xFFFF, 0xFFFF, 0xFFFF, 0xFFFF, 0xFFFF, 0xFFFF, 0xFFFF, 0xFFFF, 0xFFFF, 0xFFFF, 
    0xFFFF, 0xFFFF, 0xFFFF, 0xFFFF, 0xFFFF, 0xFFFF, 0xFFFF, 0xFFFF, 0xFFFF, 0xFFFF, 0xFFFF, 0xFFFF, 
    0xFFFF, 0xFFFF, 0xFFFF, 0xFFFF, 0xFFFF, 0xFFFF, 0xFFFF, 0xFFFF, 0xFFFF, 0xFFFF, 0xFFFF, 0xFFFF, 
    0xFFFF, 0xFFFF, 0xFFFF, 0xFFFF, 0xFFFF, 0xFFFF, 0xFFFF, 0xFFFF, 0xFFFF, 0xFFFF, 0xFFFF, 0xFFFF, 
    0xFFFF, 0xFFFF, 0xFFFF, 0xFFFF, 0xFFFF, 0xFFFF, 0xFFFF, 0xFFFF, 0xFFFF, 0xFFFF, 0xFFFF, 0xFFFF, 
    0xFFFF, 0xFFFF, 0xFFFF, 0xFFFF, 0xFFFF, 0xFFFF, 0xFFFF, 0xFFFF, 0xFFFF, 0xFFFF, 0xFFFF, 0xFFFF, 
    0xFFFF, 0xFFFF, 0xFFFF, 0xFFFF, 0xFFFF, 0xFFFF, 0xFFFF, 0xFFFF, 0xFFFF, 0xFFFF, 0xFFFF, 0xFFFF, 
    0xFFFF, 0xFFFF, 0xFFFF, 0xFFFF, 0xFFFF, 0xFFFF, 0xFFFF, 0xFFFF, 0xFFFF, 0xFFFF, 0xFFFF, 0xFFFF, 
    0xFFFF, 0xFFFF, 0xFFFF, 0xFFFF, 0xFFFF, 0xFFFF, 0xFFFF, 0xFFFF, 0xFFFF, 0xFFFF, 0xFFFF, 0xFFFF, 
    0xFFFF, 0xFFFF, 0xFFFF, 0xFFFF, 0xFFFF, 0xFFFF, 0xFFFF, 0xFFFF, 0xFFFF, 0xFFFF, 0xFFFF, 0xFFFF, 
    0xFFFF, 0xFFFF, 0xFFFF, 0xFFFF, 0xFFFF, 0xFFFF, 0xFFFF, 0xFFFF, 0xFFFF, 0xFFFF, 0xFFFF, 0xFFFF, 
    0xFFFF, 0xFFFF, 0xFFFF, 0xFFFF, 0xFFFF, 0xFFFF, 0xFFFF, 0xFFFF, 0xFFFF, 0xFFFF, 0xFFFF, 0xFFFF, 
    0xFFFF, 0xFFFF, 0xFFFF, 0xFFFF, 0xFFFF, 0xFFFF, 0xFFFF, 0xFFFF, 0xFFFF, 0xFFFF, 0xFFFF, 0xFFFF, 
    0xFFFF, 0xFFFF, 0xFFFF, 0xFFFF, 0xFFFF, 0xFFFF, 0xFFFF, 0xFFFF, 0xFFFF, 0xFFFF, 0xFFFF, 0xFFFF, 
    0xFFFF, 0xFFFF, 0xFFFF, 0xFFFF, 0xFFFF, 0xFFFF, 0xFFFF, 0xFFFF, 0xFFFF, 0xFFFF, 0xFFFF, 0xFFFF, 
    0xFFFF, 0xFFFF, 0xFFFF, 0xFFFF, 0xFFFF, 0xFFFF, 0xFFFF, 0xFFFF, 0xFFFF, 0xFFFF, 0xFFFF, 0xFFFF, 
    0xFFFF, 0xFFFF, 0xFFFF, 0xFFFF, 0xFFFF, 0xFFFF, 0xFFFF, 0xFFFF, 0xFFFF, 0xFFFF, 0xFFFF, 0xFFFF, 
    0xFFFF, 0xFFFF, 0xFFFF, 0xFFFF, 0xFFFF, 0xFFFF, 0xFFFF, 0xFFFF, 0xFFFF, 0xFFFF, 0xFFFF, 0xFFFF, 
    0xFFFF, 0xFFFF, 0xFFFF, 0xFFFF, 0xFFFF, 0xFFFF, 0xFFFF, 0xFFFF, 0xFFFF, 0xFFFF, 0xFFFF, 0xFFFF, 
    0xFFFF, 0xFFFF, 0xFFFF, 0xFFFF, 0xFFFF, 0xFFFF, 0xFFFF, 0xFFFF, 0xFFFF, 0xFFFF, 0xFFFF, 0xFFFF, 
    0xFFFF, 0xFFFF, 0xFFFF, 0xFFFF, 0xFFFF, 0xFFFF, 0xFFFF, 0xFFFF, 0xFFFF, 0xFFFF, 0xFFFF, 0xFFFF, 
    0xFFFF, 0xFFFF, 0xFFFF, 0xFFFF, 0xFFFF, 0xFFFF, 0xFFFF, 0xFFFF, 0xFFFF, 0xFFFF, 0xFFFF, 0xFFFF, 
    0xFFFF, 0xFFFF, 0xFFFF, 0xFFFF, 0xFFFF, 0xFFFF, 0xFFFF, 0xFFFF, 0xFFFF, 0xFFFF, 0xFFFF, 0xFFFF, 
    0xFFFF, 0xFFFF, 0xFFFF, 0xFFFF, 0xFFFF, 0xFFFF, 0xFFFF, 0xFFFF, 0xFFFF, 0xFFFF, 0xFFFF, 0xFFFF, 
    0xFFFF, 0xFFFF, 0xFFFF, 0xFFFF, 0xFFFF, 0xFFFF, 0xFFFF, 0xFFFF, 0xFFFF, 0xFFFF, 0xFFFF, 0xFFFF, 
    0xFFFF, 0xFFFF, 0xFFFF, 0xFFFF, 0xFFFF, 0xFFFF, 0xFFFF, 0xFFFF, 0xFFFF, 0xFFFF, 0xFFFF, 0xFFFF, 
    0xFFFF, 0xFFFF, 0xFFFF, 0xFFFF, 0xFFFF, 0xFFFF, 0xFFFF, 0xFFFF, 0xFFFF, 0xFFFF, 0xFFFF, 0xFFFF, 
    0xFFFF, 0xFFFF, 0xFFFF, 0xFFFF, 0xFFFF, 0xFFFF, 0xFFFF, 0xFFFF, 0xFFFF, 0xFFFF, 0xFFFF, 0xFFFF, 
    0xFFFF, 0xFFFF, 0xFFFF, 0xFFFF, 0xFFFF, 0xFFFF, 0xFFFF, 0xFFFF, 0xFFFF, 0xFFFF, 0xFFFF, 0xFFFF, 
    0xFFFF, 0xFFFF, 0xFFFF, 0xFFFF, 0xFFFF, 0xFFFF, 0xFFFF, 0xFFFF, 0xFFFF, 0xFFFF, 0xFFFF, 0xFFFF, 
    0xFFFF, 0xFFFF, 0xFFFF, 0xFFFF, 0xFFFF, 0xFFFF, 0xFFFF, 0xFFFF, 0xFFFF, 0xFFFF, 0xFFFF, 0xFFFF, 
    0xFFFF, 0xFFFF, 0xFFFF, 0xFFFF, 0xFFFF, 0xFFFF, 0xFFFF, 0xFFFF, 0xFFFF, 0xFFFF, 0xFFFF, 0xFFFF, 
    0xFFFF, 0xFFFF, 0xFFFF, 0xFFFF, 0xFFFF, 0xFFFF, 0xFFFF, 0xFFFF, 0xFFFF, 0xFFFF, 0xFFFF, 0xFFFF, 
    0xFFFF, 0xFFFF, 0xFFFF, 0xFFFF, 0xFFFF, 0xFFFF, 0xFFFF, 0xFFFF, 0xFFFF, 0xFFFF, 0xFFFF, 0xFFFF, 
    0xFFFF, 0xFFFF, 0xFFFF, 0xFFFF, 0xFFFF, 0xFFFF, 0xFFFF, 0xFFFF, 0xFFFF, 0xFFFF, 0xFFFF, 0xFFFF, 
    0xFFFF, 0xFFFF, 0xFFFF, 0xFFFF, 0xFFFF, 0xFFFF, 0xFFFF, 0xFFFF, 0xFFFF, 0xFFFF, 0xFFFF, 0xFFFF, 
    0xFFFF, 0xFFFF, 0xFFFF, 0xFFFF, 0xFFFF, 0xFFFF, 0xFFFF, 0xFFFF, 0xFFFF, 0xFFFF, 0xFFFF, 0xFFFF, 
    0xFFFF, 0xFFFF, 0xFFFF, 0xFFFF, 0xFFFF, 0xFFFF, 0xFFFF, 0xFFFF, 0xFFFF, 0xFFFF, 0xFFFF, 0xFFFF, 
    0xFFFF, 0xFFFF, 0xFFFF, 0xFFFF, 0xFFFF, 0xFFFF, 0xFFFF, 0xFFFF, 0xFFFF, 0xFFFF, 0xFFFF, 0xFFFF, 
    0xFFFF, 0xFFFF, 0xFFFF, 0xFFFF, 0xFFFF, 0xFFFF, 0xFFFF, 0xFFFF, 0xFFFF, 0xFFFF, 0xFFFF, 0xFFFF, 
    0xFFFF, 0xFFFF, 0xFFFF, 0xFFFF, 0xFFFF, 0xFFFF, 0xFFFF, 0xFFFF, 0xFFFF, 0xFFFF, 0xFFFF, 0xFFFF, 
    0xFFFF, 0xFFFF, 0xFFFF, 0xFFFF, 0xFFFF, 0xFFFF, 0xFFFF, 0xFFFF, 0xFFFF, 0xFFFF, 0xFFFF, 0xFFFF, 
    0xFFFF, 0xFFFF, 0xFFFF, 0xFFFF, 0xFFFF, 0xFFFF, 0xFFFF, 0xFFFF, 0xFFFF, 0xFFFF, 0xFFFF, 0xFFFF, 
    0xFFFF, 0xFFFF, 0xFFFF, 0xFFFF, 0xFFFF, 0xFFFF, 0xFFFF, 0xFFFF, 0xFFFF, 0xFFFF, 0xFFFF, 0xFFFF, 
    0xFFFF, 0xFFFF, 0xFFFF, 0xFFFF, 0xFFFF, 0xFFFF, 0xFFFF, 0xFFFF, 0xFFFF, 0xFFFF, 0xFFFF, 0xFFFF, 
    0xFFFF, 0xFFFF, 0xFFFF, 0xFFFF, 0xFFFF, 0xFFFF, 0xFFFF, 0xFFFF, 0xFFFF, 0xFFFF, 0xFFFF, 0xFFFF, 
    0xFFFF, 0xFFFF, 0xFFFF, 0xFFFF, 0xFFFF, 0xFFFF, 0xFFFF, 0xFFFF, 0xFFFF, 0xFFFF, 0xFFFF, 0xFFFF, 
    0xFFFF, 0xFFFF, 0xFFFF, 0xFFFF, 0xFFFF, 0xFFFF, 0xFFFF, 0xFFFF, 0xFFFF, 0xFFFF, 0xFFFF, 0xFFFF, 
    0xFFFF, 0xFFFF, 0xFFFF, 0xFFFF, 0xFFFF, 0xFFFF, 0xFFFF, 0xFFFF, 0xFFFF, 0xFFFF, 0xFFFF, 0xFFFF, 
    0xFFFF, 0xFFFF, 0xFFFF, 0xFFFF, 0xFFFF, 0xFFFF, 0xFFFF, 0xFFFF, 0xFFFF, 0xFFFF, 0xFFFF, 0xFFFF, 
    0xFFFF, 0xFFFF, 0xFFFF, 0xFFFF, 0xFFFF, 0xFFFF, 0xFFFF, 0xFFFF, 0xFFFF, 0xFFFF, 0xFFFF, 0xFFFF, 
    0xFFFF, 0xFFFF, 0xFFFF, 0xFFFF, 0xFFFF, 0xFFFF, 0xFFFF, 0xFFFF, 0xFFFF, 0xFFFF, 0xFFFF, 0xFFFF, 
    0xFFFF, 0xFFFF, 0xFFFF, 0xFFFF, 0xFFFF, 0xFFFF, 0xFFFF, 0xFFFF, 0xFFFF, 0xFFFF, 0xFFFF, 0xFFFF, 
    0xFFFF, 0xFFFF, 0xFFFF, 0xFFFF, 0xFFFF, 0xFFFF, 0xFFFF, 0xFFFF, 0xFFFF, 0xFFFF, 0xFFFF, 0xFFFF, 
    0xFFFF, 0xFFFF, 0xFFFF, 0xFFFF, 0xFFFF, 0xFFFF, 0xFFFF, 0xFFFF, 0xFFFF, 0xFFFF, 0xFFFF, 0xFFFF, 
    0xFFFF, 0xFFFF, 0xFFFF, 0xFFFF, 0xFFFF, 0xFFFF, 0xFFFF, 0xFFFF, 0xFFFF, 0xFFFF, 0xFFFF, 0xFFFF, 
    0xFFFF, 0xFFFF, 0xFFFF, 0xFFFF, 0xFFFF, 0xFFFF, 0xFFFF, 0xFFFF, 0xFFFF, 0xFFFF, 0xFFFF, 0xFFFF, 
    0xFFFF, 0xFFFF, 0xFFFF, 0xFFFF, 0xFFFF, 0xFFFF, 0xFFFF, 0xFFFF, 0xFFFF, 0xFFFF, 0xFFFF, 0xFFFF, 
    0xFFFF, 0xFFFF, 0xFFFF, 0xFFFF, 0xFFFF, 0xFFFF, 0xFFFF, 0xFFFF, 0xFFFF, 0xFFFF, 0xFFFF, 0xFFFF, 
    0xFFFF, 0xFFFF, 0xFFFF, 0xFFFF, 0xFFFF, 0xFFFF, 0xFFFF, 0xFFFF, 0xFFFF, 0xFFFF, 0xFFFF, 0xFFFF, 
    0xFFFF, 0xFFFF, 0xFFFF, 0xFFFF, 0xFFFF, 0xFFFF, 0xFFFF, 0xFFFF, 0xFFFF, 0xFFFF, 0xFFFF, 0xFFFF, 
    0xFFFF, 0xFFFF, 0xFFFF, 0xFFFF, 0xFFFF, 0xFFFF, 0xFFFF, 0xFFFF, 0xFFFF, 0xFFFF, 0xFFFF, 0xFFFF, 
    0xFFFF, 0xFFFF, 0xFFFF, 0xFFFF, 0xFFFF, 0xFFFF, 0xFFFF, 0xFFFF, 0xFFFF, 0xFFFF, 0xFFFF, 0xFFFF, 
    0xFFFF, 0xFFFF, 0xFFFF, 0xFFFF, 0xFFFF, 0xFFFF, 0xFFFF, 0xFFFF, 0xFFFF, 0xFFFF, 0xFFFF, 0xFFFF, 
    0xFFFF, 0xFFFF, 0xFFFF, 0xFFFF, 0xFFFF, 0xFFFF, 0xFFFF, 0xFFFF, 0xFFFF, 0xFFFF, 0xFFFF, 0xFFFF, 
    0xFFFF, 0xFFFF, 0xFFFF, 0xFFFF, 0xFFFF, 0xFFFF, 0xFFFF, 0xFFFF, 0xFFFF, 0xFFFF, 0xFFFF, 0xFFFF, 
    0xFFFF, 0xFFFF, 0xFFFF, 0xFFFF, 0xFFFF, 0xFFFF, 0xFFFF, 0xFFFF, 0xFFFF, 0xFFFF, 0xFFFF, 0xFFFF, 
    0xFFFF, 0xFFFF, 0xFFFF, 0xFFFF, 0xFFFF, 0xFFFF, 0xFFFF, 0xFFFF, 0xFFFF, 0xFFFF, 0xFFFF, 0xFFFF, 
    0xFFFF, 0xFFFF, 0xFFFF, 0xFFFF, 0xFFFF, 0xFFFF, 0xFFFF, 0xFFFF, 0xFFFF, 0xFFFF, 0xFFFF, 0xFFFF, 
    0xFFFF, 0xFFFF, 0xFFFF, 0xFFFF, 0xFFFF, 0xFFFF, 0xFFFF, 0xFFFF, 0xFFFF, 0xFFFF, 0xFFFF, 0xFFFF, 
    0xFFFF, 0xFFFF, 0xFFFF, 0xFFFF, 0xFFFF, 0xFFFF, 0xFFFF, 0xFFFF, 0xFFFF, 0xFFFF, 0xFFFF, 0xFFFF, 
    0xFFFF, 0xFFFF, 0xFFFF, 0xFFFF, 0xFFFF, 0xFFFF, 0xFFFF, 0xFFFF, 0xFFFF, 0xFFFF, 0xFFFF, 0xFFFF, 
    0xFFFF, 0xFFFF, 0xFFFF, 0xFFFF, 0xFFFF, 0xFFFF, 0xFFFF, 0xFFFF, 0xFFFF, 0xFFFF, 0xFFFF, 0xFFFF, 
    0xFFFF, 0xFFFF, 0xFFFF, 0xFFFF, 0xFFFF, 0xFFFF, 0xFFFF, 0xFFFF, 0xFFFF, 0xFFFF, 0xFFFF, 0xFFFF, 
    0xFFFF, 0xFFFF, 0xFFFF, 0xFFFF, 0xFFFF, 0xFFFF, 0xFFFF, 0xFFFF, 0xFFFF, 0xFFFF, 0xFFFF, 0xFFFF, 
    0xFFFF, 0xFFFF, 0xFFFF, 0xFFFF, 0xFFFF, 0xFFFF, 0xFFFF, 0xFFFF, 0xFFFF, 0xFFFF, 0xFFFF, 0xFFFF, 
    0xFFFF, 0xFFFF, 0xFFFF, 0xFFFF, 0xFFFF, 0xFFFF, 0xFFFF, 0xFFFF, 0xFFFF, 0xFFFF, 0xFFFF, 0xFFFF, 
    0xFFFF, 0xFFFF, 0xFFFF, 0xFFFF, 0xFFFF, 0xFFFF, 0xFFFF, 0xFFFF, 0xFFFF, 0xFFFF, 0xFFFF, 0xFFFF, 
    0xFFFF, 0xFFFF, 0xFFFF, 0xFFFF, 0xFFFF, 0xFFFF, 0xFFFF, 0xFFFF, 0xFFFF, 0xFFFF, 0xFFFF, 0xFFFF, 
    0xFFFF, 0xFFFF, 0xFFFF, 0xFFFF, 0xFFFF, 0xFFFF, 0xFFFF, 0xFFFF, 0xFFFF, 0xFFFF, 0xFFFF, 0xFFFF, 
    0xFFFF, 0xFFFF, 0xFFFF, 0xFFFF, 0xFFFF, 0xFFFF, 0xFFFF, 0xFFFF, 0xFFFF, 0xFFFF, 0xFFFF, 0xFFFF, 
    0xFFFF, 0xFFFF, 0xFFFF, 0xFFFF, 0xFFFF, 0xFFFF, 0xFFFF, 0xFFFF, 0xFFFF, 0xFFFF, 0xFFFF, 0xFFFF, 
    0xFFFF, 0xFFFF, 0xFFFF, 0xFFFF, 0xFFFF, 0xFFFF, 0xFFFF, 0xFFFF, 0xFFFF, 0xFFFF, 0xFFFF, 0xFFFF, 
    0xFFFF, 0xFFFF, 0xFFFF, 0xFFFF, 0xFFFF, 0xFFFF, 0xFFFF, 0xFFFF, 0xFFFF, 0xFFFF, 0xFFFF, 0xFFFF, 
    0xFFFF, 0xFFFF, 0xFFFF, 0xFFFF, 0xFFFF, 0xFFFF, 0xFFFF, 0xFFFF, 0xFFFF, 0xFFFF, 0xFFFF, 0xFFFF, 
    0xFFFF, 0xFFFF, 0xFFFF, 0xFFFF, 0xFFFF, 0xFFFF, 0xFFFF, 0xFFFF, 0xFFFF, 0xFFFF, 0xFFFF, 0xFFFF, 
    0xFFFF, 0xFFFF, 0xFFFF, 0xFFFF, 0xFFFF, 0xFFFF, 0xFFFF, 0xFFFF, 0xFFFF, 0xFFFF, 0xFFFF, 0xFFFF, 
    0xFFFF, 0xFFFF, 0xFFFF, 0xFFFF, 0xFFFF, 0xFFFF, 0xFFFF, 0xFFFF, 0xFFFF, 0xFFFF, 0xFFFF, 0xFFFF, 
    0xFFFF, 0xFFFF, 0xFFFF, 0xFFFF, 0xFFFF, 0xFFFF, 0xFFFF, 0xFFFF, 0xFFFF, 0xFFFF, 0xFFFF, 0xFFFF, 
    0xFFFF, 0xFFFF, 0xFFFF, 0xFFFF, 0xFFFF, 0xFFFF, 0xFFFF, 0xFFFF, 0xFFFF, 0xFFFF, 0xFFFF, 0xFFFF, 
    0xFFFF, 0xFFFF, 0xFFFF, 0xFFFF, 0xFFFF, 0xFFFF, 0xFFFF, 0xFFFF, 0xFFFF, 0xFFFF, 0xFFFF, 0xFFFF, 
    0xFFFF, 0xFFFF, 0xFFFF, 0xFFFF, 0xFFFF, 0xFFFF, 0xFFFF, 0xFFFF, 0xFFFF, 0xFFFF, 0xFFFF, 0xFFFF, 
    0xFFFF, 0xFFFF, 0xFFFF, 0xFFFF, 0xFFFF, 0xFFFF, 0xFFFF, 0xFFFF, 0xFFFF, 0xFFFF, 0xFFFF, 0xFFFF, 
    0xFFFF, 0xFFFF, 0xFFFF, 0xFFFF, 0xFFFF, 0xFFFF, 0xFFFF, 0xFFFF, 0xFFFF, 0xFFFF, 0xFFFF, 0xFFFF, 
    0xFFFF, 0xFFFF, 0xFFFF, 0xFFFF, 0xFFFF, 0xFFFF, 0xFFFF, 0xFFFF, 0xFFFF, 0xFFFF, 0xFFFF, 0xFFFF, 
    0xFFFF, 0xFFFF, 0xFFFF, 0xFFFF, 0xFFFF, 0x8210, 0x56C6, 0x76CE, 0x56C6, 0x76CE, 0x76CE, 0x76CE, 
    0x76CE, 0x56CE, 0x56CE, 0x56CE, 0x56C6, 0x97CE, 0x2421, 0xFFFF, 0xFFFF, 0xFFFF, 0xFFFF, 0xFFFF, 
    0xFFFF, 0xFFFF, 0xFFFF, 0xFFFF, 0xFFFF, 0xFFFF, 0xFFFF, 0xFFFF, 0xFFFF, 0xFFFF, 0xFFFF, 0xFFFF, 
    0xFFFF, 0xFFFF, 0xFFFF, 0xFFFF, 0xFFFF, 0xFFFF, 0xFFFF, 0xFFFF, 0xFFFF, 0xFFFF, 0xFFFF, 0xFFFF, 
    0xFFFF, 0xFFFF, 0xFFFF, 0xFFFF, 0xFFFF, 0xFFFF, 0xFFFF, 0xFFFF, 0xFFFF, 0xFFFF, 0xFFFF, 0xFFFF, 
    0xFFFF, 0xFFFF, 0xFFFF, 0xFFFF, 0xFFFF, 0xFFFF, 0xFFFF, 0xFFFF, 0xFFFF, 0xFFFF, 0xFFFF, 0xFFFF, 
    0xFFFF, 0xFFFF, 0xFFFF, 0xFFFF, 0xFFFF, 0xFFFF, 0xFFFF, 0xFFFF, 0xFFFF, 0xFFFF, 0xFFFF, 0xFFFF, 
    0xFFFF, 0xFFFF, 0xFFFF, 0xFFFF, 0xFFFF, 0xFFFF, 0xFFFF, 0xFFFF, 0xFFFF, 0xFFFF, 0xFFFF, 0xFFFF, 
    0xFFFF, 0xFFFF, 0xFFFF, 0xFFFF, 0xFFFF, 0xFFFF, 0xFFFF, 0xFFFF, 0xFFFF, 0xFFFF, 0xFFFF, 0xFFFF, 
    0xFFFF, 0xFFFF, 0xFFFF, 0xFFFF, 0xFFFF, 0xFFFF, 0x073A, 0x484A, 0x0B5B, 0x7BE7, 0x5ADF, 0x1ACF, 
    0xD9CE, 0xB9C6, 0xB9C6, 0xF9CE, 0x5AD7, 0x3AD7, 0x3AD7, 0x1AD7, 0x7BDF, 0x6C6B, 0x484A, 0x484A, 
    0x894A, 0xE318, 0xFFFF, 0xFFFF, 0xFFFF, 0xFFFF, 0xFFFF, 0xFFFF, 0xFFFF, 0xFFFF, 0xFFFF, 0xFFFF, 
    0xFFFF, 0xFFFF, 0xFFFF, 0xFFFF, 0xFFFF, 0xFFFF, 0xFFFF, 0xFFFF, 0xFFFF, 0xFFFF, 0xFFFF, 0xFFFF, 
    0xFFFF, 0xFFFF, 0xFFFF, 0xFFFF, 0xFFFF, 0xFFFF, 0xFFFF, 0xFFFF, 0xFFFF, 0xFFFF, 0xFFFF, 0xFFFF, 
    0xFFFF, 0xFFFF, 0xFFFF, 0xFFFF, 0xFFFF, 0xFFFF, 0xFFFF, 0xFFFF, 0xFFFF, 0xFFFF, 0xFFFF, 0xFFFF, 
    0xFFFF, 0xFFFF, 0xFFFF, 0xFFFF, 0xFFFF, 0xFFFF, 0xFFFF, 0xFFFF, 0xFFFF, 0xFFFF, 0xFFFF, 0xFFFF, 
    0xFFFF, 0xFFFF, 0xFFFF, 0xFFFF, 0xFFFF, 0xFFFF, 0xFFFF, 0xFFFF, 0xFFFF, 0xFFFF, 0xFFFF, 0xFFFF, 
    0xFFFF, 0xFFFF, 0xFFFF, 0xFFFF, 0xFFFF, 0xFFFF, 0xFFFF, 0xFFFF, 0xFFFF, 0xFFFF, 0xFFFF, 0xFFFF, 
    0xFFFF, 0xFFFF, 0xFFFF, 0xFFFF, 0xFFFF, 0xFFFF, 0xFFFF, 0xFFFF, 0xFFFF, 0xB7D6, 0xFCFF, 0xBCEF, 
    0xFABE, 0x59A6, 0x7885, 0x9664, 0xB343, 0x733B, 0x555C, 0xF88D, 0xB885, 0xB885, 0xB88D, 0xF895, 
    0x7ADF, 0xFBFF, 0xBBF7, 0xFEFF, 0xA952, 0xFFFF, 0xFFFF, 0xFFFF, 0xFFFF, 0xFFFF, 0xFFFF, 0xFFFF, 
    0xFFFF, 0xFFFF, 0xFFFF, 0xFFFF, 0xFFFF, 0xFFFF, 0xFFFF, 0xFFFF, 0xFFFF, 0xFFFF, 0xFFFF, 0xFFFF, 
    0xFFFF, 0xFFFF, 0xFFFF, 0xFFFF, 0xFFFF, 0xFFFF, 0xFFFF, 0xFFFF, 0xFFFF, 0xFFFF, 0xFFFF, 0xFFFF, 
    0xFFFF, 0xFFFF, 0xFFFF, 0xFFFF, 0xFFFF, 0xFFFF, 0xFFFF, 0xFFFF, 0xFFFF, 0xFFFF, 0xFFFF, 0xFFFF, 
    0xFFFF, 0xFFFF, 0xFFFF, 0xFFFF, 0xFFFF, 0xFFFF, 0xFFFF, 0xFFFF, 0xFFFF, 0xFFFF, 0xFFFF, 0xFFFF, 
    0xFFFF, 0xFFFF, 0xFFFF, 0xFFFF, 0xFFFF, 0xFFFF, 0xFFFF, 0xFFFF, 0xFFFF, 0xFFFF, 0xFFFF, 0xFFFF, 
    0xFFFF, 0xFFFF, 0xFFFF, 0xFFFF, 0xFFFF, 0xFFFF, 0xFFFF, 0xFFFF, 0xFFFF, 0xFFFF, 0xFFFF, 0xFFFF, 
    0xFFFF, 0xFFFF, 0xFFFF, 0xFFFF, 0xFFFF, 0xFFFF, 0xFFFF, 0xFFFF, 0xFFFF, 0x4B63, 0xF5BD, 0x73AD, 
    0xF79D, 0x189E, 0x38A6, 0x988D, 0x5885, 0x1775, 0xD76C, 0x9664, 0xD76C, 0x577D, 0xB88D, 0x1775, 
    0x1775, 0x1775, 0x3775, 0x5785, 0xD89D, 0x59AE, 0xBABE, 0x16B6, 0xB4B5, 0xB4B5, 0xC318, 0xFFFF, 
    0xFFFF, 0xFFFF, 0xFFFF, 0xFFFF, 0xFFFF, 0xFFFF, 0xFFFF, 0xFFFF, 0xFFFF, 0xFFFF, 0xFFFF, 0xFFFF, 
    0xFFFF, 0xFFFF, 0xFFFF, 0xFFFF, 0xFFFF, 0xFFFF, 0xFFFF, 0xFFFF, 0xFFFF, 0xFFFF, 0xFFFF, 0xFFFF, 
    0xFFFF, 0xFFFF, 0xFFFF, 0xFFFF, 0xFFFF, 0xFFFF, 0xFFFF, 0xFFFF, 0xFFFF, 0xFFFF, 0xFFFF, 0xFFFF, 
    0xFFFF, 0xFFFF, 0xFFFF, 0xFFFF, 0xFFFF, 0xFFFF, 0xFFFF, 0xFFFF, 0xFFFF, 0xFFFF, 0xFFFF, 0xFFFF, 
    0xFFFF, 0xFFFF, 0xFFFF, 0xFFFF, 0xFFFF, 0xFFFF, 0xFFFF, 0xFFFF, 0xFFFF, 0xFFFF, 0xFFFF, 0xFFFF, 
    0xFFFF, 0xFFFF, 0xFFFF, 0xFFFF, 0xFFFF, 0xFFFF, 0xFFFF, 0xFFFF, 0xFFFF, 0xFFFF, 0xFFFF, 0xFFFF, 
    0xFFFF, 0xFFFF, 0xFFFF, 0xFFFF, 0xFFFF, 0xFFFF, 0xFFFF, 0xFFFF, 0xFFFF, 0xA210, 0xA631, 0x6529, 
    0x53A5, 0xFDF7, 0x5BDF, 0x199E, 0xB885, 0x9885, 0xD76C, 0xD76C, 0x1775, 0x5885, 0x5885, 0x587D, 
    0x587D, 0x787D, 0xD76C, 0xB76C, 0xB76C, 0xB76C, 0xB764, 0x1775, 0xB88D, 0xF995, 0xDAC6, 0x5ADF, 
    0x5ADF, 0x694A, 0x6529, 0x4421, 0xFFFF, 0xFFFF, 0xFFFF, 0xFFFF, 0xFFFF, 0xFFFF, 0xFFFF, 0xFFFF, 
    0xFFFF, 0xFFFF, 0xFFFF, 0xFFFF, 0xFFFF, 0xFFFF, 0xFFFF, 0xFFFF, 0xFFFF, 0xFFFF, 0xFFFF, 0xFFFF, 
    0xFFFF, 0xFFFF, 0xFFFF, 0xFFFF, 0xFFFF, 0xFFFF, 0xFFFF, 0xFFFF, 0xFFFF, 0xFFFF, 0xFFFF, 0xFFFF, 
    0xFFFF, 0xFFFF, 0xFFFF, 0xFFFF, 0xFFFF, 0xFFFF, 0xFFFF, 0xFFFF, 0xFFFF, 0xFFFF, 0xFFFF, 0xFFFF, 
    0xFFFF, 0xFFFF, 0xFFFF, 0xFFFF, 0xFFFF, 0xFFFF, 0xFFFF, 0xFFFF, 0xFFFF, 0xFFFF, 0xFFFF, 0xFFFF, 
    0xFFFF, 0xFFFF, 0xFFFF, 0xFFFF, 0xFFFF, 0xFFFF, 0xFFFF, 0xFFFF, 0xFFFF, 0xFFFF, 0xFFFF, 0xFFFF, 
    0xFFFF, 0xFFFF, 0xFFFF, 0xFFFF, 0xFFFF, 0xFFFF, 0xFFFF, 0xFFFF, 0xFFFF, 0xFFFF, 0xFFFF, 0xFFFF, 
    0xEA5A, 0xFCFF, 0x7AEF, 0x3AD7, 0x99B6, 0xD895, 0xDABE, 0x79AE, 0x9885, 0xF76C, 0xB764, 0xB895, 
    0x5BCF, 0x3BCF, 0xB88D, 0xB76C, 0xD76C, 0xD76C, 0xD76C, 0xD76C, 0xD76C, 0xF76C, 0xF76C, 0xF76C, 
    0xF76C, 0xB664, 0xD66C, 0x777D, 0x19D7, 0xDBFF, 0x77CE, 0xFFFF, 0xFFFF, 0xFFFF, 0xFFFF, 0xFFFF, 
    0xFFFF, 0xFFFF, 0xFFFF, 0xFFFF, 0xFFFF, 0xFFFF, 0xFFFF, 0xFFFF, 0xFFFF, 0xFFFF, 0xFFFF, 0xFFFF, 
    0xFFFF, 0xFFFF, 0xFFFF, 0xFFFF, 0xFFFF, 0xFFFF, 0xFFFF, 0xFFFF, 0xFFFF, 0xFFFF, 0xFFFF, 0xFFFF, 
    0xFFFF, 0xFFFF, 0xFFFF, 0xFFFF, 0xFFFF, 0xFFFF, 0xFFFF, 0xFFFF, 0xFFFF, 0xFFFF, 0xFFFF, 0xFFFF, 
    0xFFFF, 0xFFFF, 0xFFFF, 0xFFFF, 0xFFFF, 0xFFFF, 0xFFFF, 0xFFFF, 0xFFFF, 0xFFFF, 0xFFFF, 0xFFFF, 
    0xFFFF, 0xFFFF, 0xFFFF, 0xFFFF, 0xFFFF, 0xFFFF, 0xFFFF, 0xFFFF, 0xFFFF, 0xFFFF, 0xFFFF, 0xFFFF, 
    0xFFFF, 0xFFFF, 0xFFFF, 0xFFFF, 0xFFFF, 0xFFFF, 0xFFFF, 0xFFFF, 0xFFFF, 0xFFFF, 0xFFFF, 0xFFFF, 
    0xFFFF, 0xFFFF, 0xAD73, 0x15BE, 0x7AE7, 0xF9CE, 0xFAC6, 0xDABE, 0x9AB6, 0xFAC6, 0x79AE, 0xB885, 
    0x587D, 0x199E, 0x39A6, 0xB88D, 0xD995, 0x377D, 0xD76C, 0xD76C, 0xB764, 0xB76C, 0xD76C, 0xD76C, 
    0xD76C, 0xD76C, 0xD76C, 0xD76C, 0xD76C, 0xD76C, 0x1775, 0x978D, 0x18A6, 0x38AE, 0x32A5, 0x4529, 
    0xFFFF, 0xFFFF, 0xFFFF, 0xFFFF, 0xFFFF, 0xFFFF, 0xFFFF, 0xFFFF, 0xFFFF, 0xFFFF, 0xFFFF, 0xFFFF, 
    0xFFFF, 0xFFFF, 0xFFFF, 0xFFFF, 0xFFFF, 0xFFFF, 0xFFFF, 0xFFFF, 0xFFFF, 0xFFFF, 0xFFFF, 0xFFFF, 
    0xFFFF, 0xFFFF, 0xFFFF, 0xFFFF, 0xFFFF, 0xFFFF, 0xFFFF, 0xFFFF, 0xFFFF, 0xFFFF, 0xFFFF, 0xFFFF, 
    0xFFFF, 0xFFFF, 0xFFFF, 0xFFFF, 0xFFFF, 0xFFFF, 0xFFFF, 0xFFFF, 0xFFFF, 0xFFFF, 0xFFFF, 0xFFFF, 
    0xFFFF, 0xFFFF, 0xFFFF, 0xFFFF, 0xFFFF, 0xFFFF, 0xFFFF, 0xFFFF, 0xFFFF, 0xFFFF, 0xFFFF, 0xFFFF, 
    0xFFFF, 0xFFFF, 0xFFFF, 0xFFFF, 0xFFFF, 0xFFFF, 0xFFFF, 0xFFFF, 0xFFFF, 0xFFFF, 0xFFFF, 0xFFFF, 
    0xFFFF, 0xFFFF, 0xA210, 0x0421, 0xE318, 0x36BE, 0x9BEF, 0xF9D6, 0xBAB6, 0xBABE, 0xFAC6, 0xFAC6, 
    0x1AC7, 0x7AAE, 0xD98D, 0xF995, 0xDAB6, 0x39A6, 0xD76C, 0xD76C, 0xF774, 0x1775, 0x1775, 0xF774, 
    0xF774, 0xF76C, 0xD76C, 0xD76C, 0xD76C, 0xD76C, 0xD76C, 0xD76C, 0xD76C, 0xD76C, 0xD76C, 0x3775, 
    0xF995, 0xFDF7, 0xEB5A, 0xA210, 0xFFFF, 0xFFFF, 0xFFFF, 0xFFFF, 0xFFFF, 0xFFFF, 0xFFFF, 0xFFFF, 
    0xFFFF, 0xFFFF, 0xFFFF, 0xFFFF, 0xFFFF, 0xFFFF, 0xFFFF, 0xFFFF, 0xFFFF, 0xFFFF, 0xFFFF, 0xFFFF, 
    0xFFFF, 0xFFFF, 0xFFFF, 0xFFFF, 0xFFFF, 0xFFFF, 0xFFFF, 0xFFFF, 0xFFFF, 0xFFFF, 0xFFFF, 0xFFFF, 
    0xFFFF, 0xFFFF, 0xFFFF, 0xFFFF, 0xFFFF, 0xFFFF, 0xFFFF, 0xFFFF, 0xFFFF, 0xFFFF, 0xFFFF, 0xFFFF, 
    0xFFFF, 0xFFFF, 0xFFFF, 0xFFFF, 0xFFFF, 0xFFFF, 0xFFFF, 0xFFFF, 0xFFFF, 0xFFFF, 0xFFFF, 0xFFFF, 
    0xFFFF, 0xFFFF, 0xFFFF, 0xFFFF, 0xFFFF, 0xFFFF, 0xFFFF, 0xFFFF, 0xFFFF, 0xFFFF, 0xFFFF, 0xFFFF, 
    0xFFFF, 0xFFFF, 0xFFFF, 0xFFFF, 0xFFFF, 0x2F84, 0xFCFF, 0x7AEF, 0x59AE, 0xD895, 0xF995, 0xD88D, 
    0x79AE, 0x1ACF, 0x5AE7, 0x1AC7, 0x59A6, 0xF895, 0x5ADF, 0x59AE, 0xD88D, 0xD98D, 0xD76C, 0x587D, 
    0x399E, 0xFAC6, 0x1AC7, 0xBAB6, 0xF995, 0xF774, 0xD76C, 0xD76C, 0xD76C, 0xD76C, 0xD76C, 0xD76C, 
    0xD76C, 0xB88D, 0xD88D, 0xD88D, 0x9885, 0x5BDF, 0xD19C, 0xFFFF, 0xFFFF, 0xFFFF, 0xFFFF, 0xFFFF, 
    0xFFFF, 0xFFFF, 0xFFFF, 0xFFFF, 0xFFFF, 0xFFFF, 0xFFFF, 0xFFFF, 0xFFFF, 0xFFFF, 0xFFFF, 0xFFFF, 
    0xFFFF, 0xFFFF, 0xFFFF, 0xFFFF, 0xFFFF, 0xFFFF, 0xFFFF, 0xFFFF, 0xFFFF, 0xFFFF, 0xFFFF, 0xFFFF, 
    0xFFFF, 0xFFFF, 0xFFFF, 0xFFFF, 0xFFFF, 0xFFFF, 0xFFFF, 0xFFFF, 0xFFFF, 0xFFFF, 0xFFFF, 0xFFFF, 
    0xFFFF, 0xFFFF, 0xFFFF, 0xFFFF, 0xFFFF, 0xFFFF, 0xFFFF, 0xFFFF, 0xFFFF, 0xFFFF, 0xFFFF, 0xFFFF, 
    0xFFFF, 0xFFFF, 0xFFFF, 0xFFFF, 0xFFFF, 0xFFFF, 0xFFFF, 0xFFFF, 0xFFFF, 0xFFFF, 0xFFFF, 0xFFFF, 
    0xFFFF, 0xFFFF, 0xFFFF, 0xFFFF, 0xFFFF, 0xFFFF, 0xFFFF, 0xEE7B, 0xF6AD, 0xBABE, 0x19A6, 0x988D, 
    0x587D, 0x587D, 0xD98D, 0x199E, 0x99AE, 0x1ACF, 0x1AD7, 0xFACE, 0xBAC6, 0x7AE7, 0x79AE, 0xD98D, 
    0xD995, 0x587D, 0x199E, 0x99AE, 0x7AAE, 0x199E, 0xB895, 0x587D, 0x555C, 0x3554, 0x3554, 0x3554, 
    0x3554, 0xB66C, 0x387D, 0x988D, 0x79AE, 0x9AB6, 0x79AE, 0xD88D, 0x79AE, 0xD6A5, 0xEE7B, 0xFFFF, 
    0xFFFF, 0xFFFF, 0xFFFF, 0xFFFF, 0xFFFF, 0xFFFF, 0xFFFF, 0xFFFF, 0xFFFF, 0xFFFF, 0xFFFF, 0xFFFF, 
    0xFFFF, 0xFFFF, 0xFFFF, 0xFFFF, 0xFFFF, 0xFFFF, 0xFFFF, 0xFFFF, 0xFFFF, 0xFFFF, 0xFFFF, 0xFFFF, 
    0xFFFF, 0xFFFF, 0xFFFF, 0xFFFF, 0xFFFF, 0xFFFF, 0xFFFF, 0xFFFF, 0xFFFF, 0xFFFF, 0xFFFF, 0xFFFF, 
    0xFFFF, 0xFFFF, 0xFFFF, 0xFFFF, 0xFFFF, 0xFFFF, 0xFFFF, 0xFFFF, 0xFFFF, 0xFFFF, 0xFFFF, 0xFFFF, 
    0xFFFF, 0xFFFF, 0xFFFF, 0xFFFF, 0xFFFF, 0xFFFF, 0xFFFF, 0xFFFF, 0xFFFF, 0xFFFF, 0xFFFF, 0xFFFF, 
    0xFFFF, 0xFFFF, 0xFFFF, 0xFFFF, 0xFFFF, 0xFFFF, 0xFFFF, 0xFFFF, 0xFFFF, 0x0421, 0x3AE7, 0xDBBE, 
    0x587D, 0xB664, 0xD76C, 0xD76C, 0xF76C, 0xD88D, 0xD88D, 0x1996, 0xBAB6, 0x3AD7, 0x5AE7, 0x7AE7, 
    0x5AE7, 0x79B6, 0xF995, 0x199E, 0xF895, 0xBAB6, 0x9AB6, 0xD98D, 0xF76C, 0xD76C, 0xD76C, 0xD44B, 
    0xD44B, 0xD44B, 0xF44B, 0xF44B, 0x9664, 0x587D, 0x199E, 0x9AB6, 0xDABE, 0xBAB6, 0xF895, 0x9885, 
    0x59A6, 0x7AE7, 0x6529, 0xFFFF, 0xFFFF, 0xFFFF, 0xFFFF, 0xFFFF, 0xFFFF, 0xFFFF, 0xFFFF, 0xFFFF, 
    0xFFFF, 0xFFFF, 0xFFFF, 0xFFFF, 0xFFFF, 0xFFFF, 0xFFFF, 0xFFFF, 0xFFFF, 0xFFFF, 0xFFFF, 0xFFFF, 
    0xFFFF, 0xFFFF, 0xFFFF, 0xFFFF, 0xFFFF, 0xFFFF, 0xFFFF, 0xFFFF, 0xFFFF, 0xFFFF, 0xFFFF, 0xFFFF, 
    0xFFFF, 0xFFFF, 0xFFFF, 0xFFFF, 0xFFFF, 0xFFFF, 0xFFFF, 0xFFFF, 0xFFFF, 0xFFFF, 0xFFFF, 0xFFFF, 
    0xFFFF, 0xFFFF, 0xFFFF, 0xFFFF, 0xFFFF, 0xFFFF, 0xFFFF, 0xFFFF, 0xFFFF, 0xFFFF, 0xFFFF, 0xFFFF, 
    0xFFFF, 0xFFFF, 0xFFFF, 0xFFFF, 0xFFFF, 0xFFFF, 0xFFFF, 0xFFFF, 0xFFFF, 0xFFFF, 0xFFFF, 0x484A, 
    0x9AEF, 0x189E, 0x587D, 0xF774, 0xF774, 0xD76C, 0x587D, 0xF995, 0xDABE, 0xFABE, 0xFABE, 0xFABE, 
    0xDABE, 0x1AD7, 0x5AE7, 0x5AE7, 0xFAC6, 0xBAB6, 0xDABE, 0x1ACF, 0x59A6, 0x787D, 0xF76C, 0xD76C, 
    0x587D, 0xB885, 0x787D, 0x787D, 0x3875, 0x3775, 0x587D, 0xB66C, 0x565C, 0x765C, 0xB343, 0x3554, 
    0x587D, 0xFABE, 0x59A6, 0x399E, 0x99B6, 0x9BEF, 0x8952, 0xFFFF, 0xFFFF, 0xFFFF, 0xFFFF, 0xFFFF, 
    0xFFFF, 0xFFFF, 0xFFFF, 0xFFFF, 0xFFFF, 0xFFFF, 0xFFFF, 0xFFFF, 0xFFFF, 0xFFFF, 0xFFFF, 0xFFFF, 
    0xFFFF, 0xFFFF, 0xFFFF, 0xFFFF, 0xFFFF, 0xFFFF, 0xFFFF, 0xFFFF, 0xFFFF, 0xFFFF, 0xFFFF, 0xFFFF, 
    0xFFFF, 0xFFFF, 0xFFFF, 0xFFFF, 0xFFFF, 0xFFFF, 0xFFFF, 0xFFFF, 0xFFFF, 0xFFFF, 0xFFFF, 0xFFFF, 
    0xFFFF, 0xFFFF, 0xFFFF, 0xFFFF, 0xFFFF, 0xFFFF, 0xFFFF, 0xFFFF, 0xFFFF, 0xFFFF, 0xFFFF, 0xFFFF, 
    0xFFFF, 0xFFFF, 0xFFFF, 0xFFFF, 0xFFFF, 0xFFFF, 0xFFFF, 0xFFFF, 0xFFFF, 0xFFFF, 0xFFFF, 0xFFFF, 
    0xFFFF, 0xA952, 0xF294, 0xDABE, 0x7885, 0xF76C, 0xD76C, 0xD76C, 0x387D, 0xF995, 0x9AAE, 0x199E, 
    0xF99D, 0xF995, 0x399E, 0x199E, 0x79AE, 0xF9CE, 0x5AE7, 0x3AD7, 0x3AD7, 0x1AD7, 0x9AB6, 0x399E, 
    0x787D, 0xD764, 0x3875, 0xF89D, 0x99BE, 0x99B6, 0x99B6, 0x79B6, 0x59B6, 0xF995, 0x9885, 0x577D, 
    0x377D, 0x755C, 0x3554, 0x755C, 0xB88D, 0x59A6, 0x79AE, 0x59A6, 0x7BDF, 0x53A5, 0xCA5A, 0xFFFF, 
    0xFFFF, 0xFFFF, 0xFFFF, 0xFFFF, 0xFFFF, 0xFFFF, 0xFFFF, 0xFFFF, 0xFFFF, 0xFFFF, 0xFFFF, 0xFFFF, 
    0xFFFF, 0xFFFF, 0xFFFF, 0xFFFF, 0xFFFF, 0xFFFF, 0xFFFF, 0xFFFF, 0xFFFF, 0xFFFF, 0xFFFF, 0xFFFF, 
    0xFFFF, 0xFFFF, 0xFFFF, 0xFFFF, 0xFFFF, 0xFFFF, 0xFFFF, 0xFFFF, 0xFFFF, 0xFFFF, 0xFFFF, 0xFFFF, 
    0xFFFF, 0xFFFF, 0xFFFF, 0xFFFF, 0xFFFF, 0xFFFF, 0xFFFF, 0xFFFF, 0xFFFF, 0xFFFF, 0xFFFF, 0xFFFF, 
    0xFFFF, 0xFFFF, 0xFFFF, 0xFFFF, 0xFFFF, 0xFFFF, 0xFFFF, 0xFFFF, 0xFFFF, 0xFFFF, 0xFFFF, 0xFFFF, 
    0xFFFF, 0xFFFF, 0xFFFF, 0xFFFF, 0x15BE, 0x7BDF, 0x777D, 0xD76C, 0xD76C, 0xD76C, 0xD76C, 0x9885, 
    0x59A6, 0xDABE, 0xF774, 0xB76C, 0x1775, 0x9885, 0x787D, 0xD995, 0x79AE, 0x39DF, 0x5AE7, 0x7AE7, 
    0x5ADF, 0xF895, 0xF995, 0xB88D, 0xF76C, 0xD88D, 0xB9BE, 0x7AEF, 0x5AE7, 0x7AE7, 0x7AEF, 0x7AE7, 
    0x79B6, 0x59A6, 0x59A6, 0x59A6, 0x9885, 0x765C, 0xB343, 0x3554, 0x399E, 0xBAB6, 0xF995, 0xB9BE, 
    0xFDF7, 0x36C6, 0xFFFF, 0xFFFF, 0xFFFF, 0xFFFF, 0xFFFF, 0xFFFF, 0xFFFF, 0xFFFF, 0xFFFF, 0xFFFF, 
    0xFFFF, 0xFFFF, 0xFFFF, 0xFFFF, 0xFFFF, 0xFFFF, 0xFFFF, 0xFFFF, 0xFFFF, 0xFFFF, 0xFFFF, 0xFFFF, 
    0xFFFF, 0xFFFF, 0xFFFF, 0xFFFF, 0xFFFF, 0xFFFF, 0xFFFF, 0xFFFF, 0xFFFF, 0xFFFF, 0xFFFF, 0xFFFF, 
    0xFFFF, 0xFFFF, 0xFFFF, 0xFFFF, 0xFFFF, 0xFFFF, 0xFFFF, 0xFFFF, 0xFFFF, 0xFFFF, 0xFFFF, 0xFFFF, 
    0xFFFF, 0xFFFF, 0xFFFF, 0xFFFF, 0xFFFF, 0xFFFF, 0xFFFF, 0xFFFF, 0xFFFF, 0xFFFF, 0xFFFF, 0xFFFF, 
    0xFFFF, 0xFFFF, 0xFFFF, 0xFFFF, 0xFFFF, 0xFFFF, 0xFFFF, 0x93B5, 0x5BDF, 0xD88D, 0x1775, 0xB764, 
    0x1775, 0xDAB6, 0x1996, 0x787D, 0x1775, 0x1775, 0xD76C, 0x7885, 0x1BC7, 0xFAC6, 0xFAC6, 0xFAC6, 
    0xFAC6, 0x5ADF, 0x7AE7, 0x3ADF, 0xF895, 0xD895, 0xD995, 0xD88D, 0xF9CE, 0x39DF, 0x39DF, 0xBAB6, 
    0x3AD7, 0x5AE7, 0x5AE7, 0x3ADF, 0x39DF, 0x19CF, 0xBAB6, 0xF895, 0x777D, 0xB664, 0xB343, 0x377D, 
    0xB88D, 0x1775, 0x79A6, 0x7BDF, 0xB4B5, 0xFFFF, 0xFFFF, 0xFFFF, 0xFFFF, 0xFFFF, 0xFFFF, 0xFFFF, 
    0xFFFF, 0xFFFF, 0xFFFF, 0xFFFF, 0xFFFF, 0xFFFF, 0xFFFF, 0xFFFF, 0xFFFF, 0xFFFF, 0xFFFF, 0xFFFF, 
    0xFFFF, 0xFFFF, 0xFFFF, 0xFFFF, 0xFFFF, 0xFFFF, 0xFFFF, 0xFFFF, 0xFFFF, 0xFFFF, 0xFFFF, 0xFFFF, 
    0xFFFF, 0xFFFF, 0xFFFF, 0xFFFF, 0xFFFF, 0xFFFF, 0xFFFF, 0xFFFF, 0xFFFF, 0xFFFF, 0xFFFF, 0xFFFF, 
    0xFFFF, 0xFFFF, 0xFFFF, 0xFFFF, 0xFFFF, 0xFFFF, 0xFFFF, 0xFFFF, 0xFFFF, 0xFFFF, 0xFFFF, 0xFFFF, 
    0xFFFF, 0xFFFF, 0xFFFF, 0xFFFF, 0xFFFF, 0xFFFF, 0xFFFF, 0xFFFF, 0xFFFF, 0xCA5A, 0xF6B5, 0x9AB6, 
    0x7885, 0x1775, 0x1775, 0x787D, 0x9AAE, 0xB88D, 0x1775, 0xD76C, 0xD76C, 0x5885, 0xF99D, 0x9AAE, 
    0x199E, 0x19A6, 0x79A6, 0x59A6, 0xD9BE, 0x39D7, 0x39DF, 0x99B6, 0x199E, 0x1996, 0x79AE, 0x3ADF, 
    0x3ADF, 0xF9CE, 0xFAC6, 0x1ACF, 0x1AD7, 0x1AD7, 0x19D7, 0x19D7, 0x19CF, 0xF9C6, 0x79AE, 0xF895, 
    0x577D, 0x765C, 0xD66C, 0xF76C, 0x1775, 0x1996, 0x5BD7, 0xD4BD, 0xFFFF, 0xFFFF, 0xFFFF, 0xFFFF, 
    0xFFFF, 0xFFFF, 0xFFFF, 0xFFFF, 0xFFFF, 0xFFFF, 0xFFFF, 0xFFFF, 0xFFFF, 0xFFFF, 0xFFFF, 0xFFFF, 
    0xFFFF, 0xFFFF, 0xFFFF, 0xFFFF, 0xFFFF, 0xFFFF, 0xFFFF, 0xFFFF, 0xFFFF, 0xFFFF, 0xFFFF, 0xFFFF, 
    0xFFFF, 0xFFFF, 0xFFFF, 0xFFFF, 0xFFFF, 0xFFFF, 0xFFFF, 0xFFFF, 0xFFFF, 0xFFFF, 0xFFFF, 0xFFFF, 
    0xFFFF, 0xFFFF, 0xFFFF, 0xFFFF, 0xFFFF, 0xFFFF, 0xFFFF, 0xFFFF, 0xFFFF, 0xFFFF, 0xFFFF, 0xFFFF, 
    0xFFFF, 0xFFFF, 0xFFFF, 0xFFFF, 0xFFFF, 0xFFFF, 0xFFFF, 0xFFFF, 0xFFFF, 0xFFFF, 0xFFFF, 0x0421, 
    0xDBF7, 0x99AE, 0x587D, 0xD76C, 0xF76C, 0x9885, 0xF98D, 0xD88D, 0xF774, 0xD76C, 0xF76C, 0xB764, 
    0x39A6, 0xDAB6, 0x787D, 0x3554, 0x9664, 0x787D, 0x3775, 0x1996, 0xB9BE, 0x39DF, 0x7AE7, 0x38A6, 
    0x199E, 0x1ACF, 0x3ADF, 0xFACE, 0xB9BE, 0x39DF, 0xD9BE, 0xB9B6, 0xB9B6, 0xB9B6, 0xBAB6, 0xFAC6, 
    0x7AE7, 0x1ACF, 0x99AE, 0xF895, 0x7885, 0x3554, 0x1554, 0x387D, 0x9885, 0x1BCF, 0xD5BD, 0xFFFF, 
    0xFFFF, 0xFFFF, 0xFFFF, 0xFFFF, 0xFFFF, 0xFFFF, 0xFFFF, 0xFFFF, 0xFFFF, 0xFFFF, 0xFFFF, 0xFFFF, 
    0xFFFF, 0xFFFF, 0xFFFF, 0xFFFF, 0xFFFF, 0xFFFF, 0xFFFF, 0xFFFF, 0xFFFF, 0xFFFF, 0xFFFF, 0xFFFF, 
    0xFFFF, 0xFFFF, 0xFFFF, 0xFFFF, 0xFFFF, 0xFFFF, 0xFFFF, 0xFFFF, 0xFFFF, 0xFFFF, 0xFFFF, 0xFFFF, 
    0xFFFF, 0xFFFF, 0xFFFF, 0xFFFF, 0xFFFF, 0xFFFF, 0xFFFF, 0xFFFF, 0xFFFF, 0xFFFF, 0xFFFF, 0xFFFF, 
    0xFFFF, 0xFFFF, 0xFFFF, 0xFFFF, 0xFFFF, 0xFFFF, 0xFFFF, 0xFFFF, 0xFFFF, 0xFFFF, 0xFFFF, 0xFFFF, 
    0xFFFF, 0xFFFF, 0x8108, 0x38E7, 0x59AE, 0x787D, 0xF76C, 0xB76C, 0x199E, 0x9AB6, 0x1775, 0xF774, 
    0xD76C, 0xF76C, 0x5875, 0xD88D, 0x7885, 0x755C, 0x3554, 0xD66C, 0xB885, 0x7AA6, 0xFAC6, 0x5ADF, 
    0x7AEF, 0x9AEF, 0x5AE7, 0x7BDF, 0x9BEF, 0x9BEF, 0x9BEF, 0x9BE7, 0x9AEF, 0x7AE7, 0x7AE7, 0x7BE7, 
    0x9BE7, 0x9BE7, 0x7AE7, 0x5AE7, 0x5ADF, 0x1ACF, 0x9AB6, 0x199E, 0x377D, 0xD76C, 0x1775, 0xD88D, 
    0x99AE, 0xD9C6, 0x56C6, 0x2421, 0xFFFF, 0xFFFF, 0xFFFF, 0xFFFF, 0xFFFF, 0xFFFF, 0xFFFF, 0xFFFF, 
    0xFFFF, 0xFFFF, 0xFFFF, 0xFFFF, 0xFFFF, 0xFFFF, 0xFFFF, 0xFFFF, 0xFFFF, 0xFFFF, 0xFFFF, 0xFFFF, 
    0xFFFF, 0xFFFF, 0xFFFF, 0xFFFF, 0xFFFF, 0xFFFF, 0xFFFF, 0xFFFF, 0xFFFF, 0xFFFF, 0xFFFF, 0xFFFF, 
    0xFFFF, 0xFFFF, 0xFFFF, 0xFFFF, 0xFFFF, 0xFFFF, 0xFFFF, 0xFFFF, 0xFFFF, 0xFFFF, 0xFFFF, 0xFFFF, 
    0xFFFF, 0xFFFF, 0xFFFF, 0xFFFF, 0xFFFF, 0xFFFF, 0xFFFF, 0xFFFF, 0xFFFF, 0xFFFF, 0xFFFF, 0xFFFF, 
    0xFFFF, 0xFFFF, 0xFFFF, 0xFFFF, 0x0321, 0x0A5B, 0x39DF, 0x59A6, 0x587D, 0xD76C, 0x1775, 0x59A6, 
    0xBABE, 0xD76C, 0xF76C, 0xD76C, 0xF76C, 0xF995, 0x9885, 0xB664, 0xF44B, 0x1554, 0xF76C, 0xF995, 
    0xFAC6, 0x5ADF, 0x19D7, 0x36AE, 0xD5A5, 0xD5A5, 0xF5AD, 0xF5A5, 0xD5A5, 0xD5A5, 0xD5A5, 0xD5A5, 
    0xD5A5, 0xF5A5, 0xF5A5, 0xF5AD, 0x36AE, 0x97BE, 0x59E7, 0x59E7, 0x3ADF, 0xFAC6, 0x7AAE, 0xB88D, 
    0x1775, 0xF76C, 0x787D, 0xF895, 0xB9BE, 0xBAEF, 0x6529, 0xFFFF, 0xFFFF, 0xFFFF, 0xFFFF, 0xFFFF, 
    0xFFFF, 0xFFFF, 0xFFFF, 0xFFFF, 0xFFFF, 0xFFFF, 0xFFFF, 0xFFFF, 0xFFFF, 0xFFFF, 0xFFFF, 0xFFFF, 
    0xFFFF, 0xFFFF, 0xFFFF, 0xFFFF, 0xFFFF, 0xFFFF, 0xFFFF, 0xFFFF, 0xFFFF, 0xFFFF, 0xFFFF, 0xFFFF, 
    0xFFFF, 0xFFFF, 0xFFFF, 0xFFFF, 0xFFFF, 0xFFFF, 0xFFFF, 0xFFFF, 0xFFFF, 0xFFFF, 0xFFFF, 0xFFFF, 
    0xFFFF, 0xFFFF, 0xFFFF, 0xFFFF, 0xFFFF, 0xFFFF, 0xFFFF, 0xFFFF, 0xFFFF, 0xFFFF, 0xFFFF, 0xFFFF, 
    0xFFFF, 0xFFFF, 0xFFFF, 0xFFFF, 0xFFFF, 0xFFFF, 0xFFFF, 0xAD73, 0xFDFF, 0xB9B6, 0x199E, 0x787D, 
    0xD76C, 0xB88D, 0xBAB6, 0x9AB6, 0xD76C, 0xF76C, 0xD76C, 0xF774, 0x1BC7, 0x377D, 0xD44B, 0x3554, 
    0xF44B, 0x1775, 0x79AE, 0x3ADF, 0xBBF7, 0x57AE, 0x6E23, 0xE809, 0xC801, 0xE801, 0xE801, 0xC809, 
    0xE809, 0xE801, 0xE801, 0xE801, 0xE801, 0xE901, 0xE801, 0xAB12, 0x915C, 0x9AEF, 0x39DF, 0x5AE7, 
    0x5ADF, 0xFAC6, 0x39A6, 0x587D, 0xD76C, 0xB764, 0x3775, 0x38A6, 0x7AEF, 0x0321, 0xFFFF, 0xFFFF, 
    0xFFFF, 0xFFFF, 0xFFFF, 0xFFFF, 0xFFFF, 0xFFFF, 0xFFFF, 0xFFFF, 0xFFFF, 0xFFFF, 0xFFFF, 0xFFFF, 
    0xFFFF, 0xFFFF, 0xFFFF, 0xFFFF, 0xFFFF, 0xFFFF, 0xFFFF, 0xFFFF, 0xFFFF, 0xFFFF, 0xFFFF, 0xFFFF, 
    0xFFFF, 0xFFFF, 0xFFFF, 0xFFFF, 0xFFFF, 0xFFFF, 0xFFFF, 0xFFFF, 0xFFFF, 0xFFFF, 0xFFFF, 0xFFFF, 
    0xFFFF, 0xFFFF, 0xFFFF, 0xFFFF, 0xFFFF, 0xFFFF, 0xFFFF, 0xFFFF, 0xFFFF, 0xFFFF, 0xFFFF, 0xFFFF, 
    0xFFFF, 0xFFFF, 0xFFFF, 0xFFFF, 0xFFFF, 0xFFFF, 0xFFFF, 0xFFFF, 0xFFFF, 0xFFFF, 0x6C6B, 0xDBF7, 
    0xBABE, 0x399E, 0x587D, 0xB764, 0x79A6, 0x59A6, 0xB88D, 0xD76C, 0xB76C, 0x9885, 0x7AAE, 0xD995, 
    0xB66C, 0x154C, 0x3554, 0x9664, 0xB88D, 0xBABE, 0x9BEF, 0x169E, 0x714C, 0xCC1A, 0x8709, 0x6609, 
    0x6609, 0x6609, 0x6609, 0x6609, 0x6609, 0x6609, 0x6609, 0x6609, 0x6609, 0x6609, 0x6609, 0x8A2A, 
    0x5475, 0x39DF, 0x7AEF, 0x5ADF, 0x3ADF, 0xDABE, 0xD88D, 0xD764, 0xD76C, 0x587D, 0x399E, 0xF9CE, 
    0x36C6, 0xCA5A, 0xFFFF, 0xFFFF, 0xFFFF, 0xFFFF, 0xFFFF, 0xFFFF, 0xFFFF, 0xFFFF, 0xFFFF, 0xFFFF, 
    0xFFFF, 0xFFFF, 0xFFFF, 0xFFFF, 0xFFFF, 0xFFFF, 0xFFFF, 0xFFFF, 0xFFFF, 0xFFFF, 0xFFFF, 0xFFFF, 
    0xFFFF, 0xFFFF, 0xFFFF, 0xFFFF, 0xFFFF, 0xFFFF, 0xFFFF, 0xFFFF, 0xFFFF, 0xFFFF, 0xFFFF, 0xFFFF, 
    0xFFFF, 0xFFFF, 0xFFFF, 0xFFFF, 0xFFFF, 0xFFFF, 0xFFFF, 0xFFFF, 0xFFFF, 0xFFFF, 0xFFFF, 0xFFFF, 
    0xFFFF, 0xFFFF, 0xFFFF, 0xFFFF, 0xFFFF, 0xFFFF, 0xFFFF, 0xFFFF, 0xFFFF, 0xFFFF, 0xFFFF, 0xFFFF, 
    0xFFFF, 0x8C6B, 0xFCF7, 0xDABE, 0x399E, 0x9885, 0x587D, 0xDAB6, 0x399E, 0x787D, 0x3775, 0xB764, 
    0xB88D, 0x1AC7, 0x587D, 0xB66C, 0x555C, 0x3554, 0x577D, 0x59AE, 0xD9C6, 0x97BE, 0x9154, 0x0D1B, 
    0x0912, 0x2601, 0x0501, 0x0501, 0x0501, 0x0501, 0x0501, 0x0501, 0x0501, 0x0501, 0x0501, 0x0501, 
    0x0501, 0xC400, 0x8709, 0xCF33, 0x57AE, 0x19D7, 0x5AE7, 0x59E7, 0x1ACF, 0x199E, 0xD764, 0xD76C, 
    0x787D, 0x399E, 0xD9BE, 0xFDFF, 0xEE7B, 0xFFFF, 0xFFFF, 0xFFFF, 0xFFFF, 0xFFFF, 0xFFFF, 0xFFFF, 
    0xFFFF, 0xFFFF, 0xFFFF, 0xFFFF, 0xFFFF, 0xFFFF, 0xFFFF, 0xFFFF, 0xFFFF, 0xFFFF, 0xFFFF, 0xFFFF, 
    0xFFFF, 0xFFFF, 0xFFFF, 0xFFFF, 0xFFFF, 0xFFFF, 0xFFFF, 0xFFFF, 0xFFFF, 0xFFFF, 0xFFFF, 0xFFFF, 
    0xFFFF, 0xFFFF, 0xFFFF, 0xFFFF, 0xFFFF, 0xFFFF, 0xFFFF, 0xFFFF, 0xFFFF, 0xFFFF, 0xFFFF, 0xFFFF, 
    0xFFFF, 0xFFFF, 0xFFFF, 0xFFFF, 0xFFFF, 0xFFFF, 0xFFFF, 0xFFFF, 0xFFFF, 0xFFFF, 0xFFFF, 0xFFFF, 
    0xFFFF, 0xFFFF, 0xFFFF, 0xFFFF, 0x8C6B, 0xFCF7, 0xDABE, 0x199E, 0x399E, 0xFAC6, 0xDABE, 0x39A6, 
    0xD88D, 0xF995, 0xD76C, 0x988D, 0xFABE, 0x377D, 0x587D, 0xF774, 0x3554, 0x79AE, 0x5AD7, 0xD8CE, 
    0xAF33, 0xAC1A, 0xC811, 0x2501, 0x2601, 0x2501, 0x2501, 0x2501, 0x2501, 0x2501, 0x2501, 0x2501, 
    0x2501, 0x0501, 0x2501, 0x2501, 0x0501, 0x6709, 0x6B1A, 0x1034, 0xF68D, 0x7AEF, 0x39DF, 0xFAC6, 
    0x199E, 0xD76C, 0xF76C, 0x787D, 0x399E, 0xFAC6, 0xDCF7, 0xAD73, 0xFFFF, 0xFFFF, 0xFFFF, 0xFFFF, 
    0xFFFF, 0xFFFF, 0xFFFF, 0xFFFF, 0xFFFF, 0xFFFF, 0xFFFF, 0xFFFF, 0xFFFF, 0xFFFF, 0xFFFF, 0xFFFF, 
    0xFFFF, 0xFFFF, 0xFFFF, 0xFFFF, 0xFFFF, 0xFFFF, 0xFFFF, 0xFFFF, 0xFFFF, 0xFFFF, 0xFFFF, 0xFFFF, 
    0xFFFF, 0xFFFF, 0xFFFF, 0xFFFF, 0xFFFF, 0xFFFF, 0xFFFF, 0xFFFF, 0xFFFF, 0xFFFF, 0xFFFF, 0xFFFF, 
    0xFFFF, 0xFFFF, 0xFFFF, 0xFFFF, 0xFFFF, 0xFFFF, 0xFFFF, 0xFFFF, 0xFFFF, 0xFFFF, 0xFFFF, 0xFFFF, 
    0xFFFF, 0xFFFF, 0xFFFF, 0xFFFF, 0xFFFF, 0xFFFF, 0xFFFF, 0x8C6B, 0xFCF7, 0xDABE, 0x199E, 0x399E, 
    0xFABE, 0xFABE, 0x39A6, 0xB98D, 0xF895, 0x9885, 0x199E, 0xDABE, 0x1775, 0x1775, 0x1775, 0xF774, 
    0x9AAE, 0x5BDF, 0xF9D6, 0xEF3B, 0xCC22, 0xC809, 0x0501, 0x2501, 0x2501, 0x2501, 0x2501, 0x2501, 
    0x2501, 0x2501, 0x2501, 0x2501, 0x2501, 0x2501, 0x2501, 0x2501, 0x2609, 0xA709, 0x0D1B, 0x7485, 
    0x9BF7, 0x39DF, 0xF9CE, 0x199E, 0xD76C, 0xD76C, 0x587D, 0x399E, 0xFAC6, 0xFCF7, 0xCD73, 0xFFFF, 
    0xFFFF, 0xFFFF, 0xFFFF, 0xFFFF, 0xFFFF, 0xFFFF, 0xFFFF, 0xFFFF, 0xFFFF, 0xFFFF, 0xFFFF, 0xFFFF, 
    0xFFFF, 0xFFFF, 0xFFFF, 0xFFFF, 0xFFFF, 0xFFFF, 0xFFFF, 0xFFFF, 0xFFFF, 0xFFFF, 0xFFFF, 0xFFFF, 
    0xFFFF, 0xFFFF, 0xFFFF, 0xFFFF, 0xFFFF, 0xFFFF, 0xFFFF, 0xFFFF, 0xFFFF, 0xFFFF, 0xFFFF, 0xFFFF, 
    0xFFFF, 0xFFFF, 0xFFFF, 0xFFFF, 0xFFFF, 0xFFFF, 0xFFFF, 0xFFFF, 0xFFFF, 0xFFFF, 0xFFFF, 0xFFFF, 
    0xFFFF, 0xFFFF, 0xFFFF, 0xFFFF, 0xFFFF, 0xFFFF, 0xFFFF, 0xFFFF, 0xFFFF, 0xFFFF, 0x6C6B, 0xFCF7, 
    0xBABE, 0x199E, 0x39A6, 0xFAC6, 0xFABE, 0x79AE, 0xF995, 0xF895, 0xF995, 0x79AE, 0xFABE, 0x577D, 
    0x1775, 0x3775, 0x7885, 0xBABE, 0x3AD7, 0x98B6, 0x103C, 0xAB22, 0xA709, 0x0501, 0x2501, 0x2501, 
    0x2501, 0x2501, 0x2501, 0x2501, 0x2501, 0x2501, 0x2501, 0x2501, 0x2501, 0x2501, 0x2501, 0x2501, 
    0x2509, 0x6B0A, 0xB26C, 0x19D7, 0x39DF, 0x1ACF, 0x199E, 0xF76C, 0xF76C, 0x7885, 0x59A6, 0xFAC6, 
    0xFCF7, 0xCD7B, 0xFFFF, 0xFFFF, 0xFFFF, 0xFFFF, 0xFFFF, 0xFFFF, 0xFFFF, 0xFFFF, 0xFFFF, 0xFFFF, 
    0xFFFF, 0xFFFF, 0xFFFF, 0xFFFF, 0xFFFF, 0xFFFF, 0xFFFF, 0xFFFF, 0xFFFF, 0xFFFF, 0xFFFF, 0xFFFF, 
    0xFFFF, 0xFFFF, 0xFFFF, 0xFFFF, 0xFFFF, 0xFFFF, 0xFFFF, 0xFFFF, 0xFFFF, 0xFFFF, 0xFFFF, 0xFFFF, 
    0xFFFF, 0xFFFF, 0xFFFF, 0xFFFF, 0xFFFF, 0xFFFF, 0xFFFF, 0xFFFF, 0xFFFF, 0xFFFF, 0xFFFF, 0xFFFF, 
    0xFFFF, 0xFFFF, 0xFFFF, 0xFFFF, 0xFFFF, 0xFFFF, 0xFFFF, 0xFFFF, 0xFFFF, 0xFFFF, 0xFFFF, 0xFFFF, 
    0xFFFF, 0x6C6B, 0xFCF7, 0xDABE, 0xF995, 0x199E, 0xFAC6, 0xDABE, 0xFAC6, 0xBAB6, 0xB88D, 0x59A6, 
    0xFAC6, 0x5ADF, 0x79A6, 0x787D, 0x3775, 0x1996, 0x5ADF, 0x169E, 0x513C, 0x113C, 0x0912, 0x0501, 
    0x2501, 0x2501, 0x2501, 0x2501, 0x2501, 0x2501, 0x2501, 0x2501, 0x2501, 0x2501, 0x2501, 0x2501, 
    0x2501, 0x2501, 0x2501, 0x4601, 0x0912, 0x0D23, 0xB254, 0x39DF, 0xFAC6, 0x59A6, 0xB885, 0xF76C, 
    0xD88D, 0xBABE, 0xDAC6, 0xDCF7, 0xAD73, 0xFFFF, 0xFFFF, 0xFFFF, 0xFFFF, 0xFFFF, 0xFFFF, 0xFFFF, 
    0xFFFF, 0xFFFF, 0xFFFF, 0xFFFF, 0xFFFF, 0xFFFF, 0xFFFF, 0xFFFF, 0xFFFF, 0xFFFF, 0xFFFF, 0xFFFF, 
    0xFFFF, 0xFFFF, 0xFFFF, 0xFFFF, 0xFFFF, 0xFFFF, 0xFFFF, 0xFFFF, 0xFFFF, 0xFFFF, 0xFFFF, 0xFFFF, 
    0xFFFF, 0xFFFF, 0xFFFF, 0xFFFF, 0xFFFF, 0xFFFF, 0xFFFF, 0xFFFF, 0xFFFF, 0xFFFF, 0xFFFF, 0xFFFF, 
    0xFFFF, 0xFFFF, 0xFFFF, 0xFFFF, 0xFFFF, 0xFFFF, 0xFFFF, 0xFFFF, 0xFFFF, 0xFFFF, 0xFFFF, 0xFFFF, 
    0xFFFF, 0xFFFF, 0xFFFF, 0xFFFF, 0x8C6B, 0xFCF7, 0xBABE, 0x79AE, 0x9AAE, 0xDABE, 0xDABE, 0xDABE, 
    0xDABE, 0xB9BE, 0xF9CE, 0x1AD7, 0xFAC6, 0xF995, 0x9885, 0xD88D, 0x79AE, 0x5AE7, 0xF69D, 0x1034, 
    0x6E2B, 0xE809, 0x0501, 0x2501, 0x0501, 0x0501, 0x0501, 0x0501, 0x2501, 0x2501, 0x2501, 0x2501, 
    0x2501, 0x2501, 0x2501, 0x2501, 0x2501, 0x2501, 0x2501, 0x4609, 0x2912, 0xF043, 0x39DF, 0x39DF, 
    0x99B6, 0xB88D, 0x787D, 0x39A6, 0xDAC6, 0xD9BE, 0xFCF7, 0xCD7B, 0xFFFF, 0xFFFF, 0xFFFF, 0xFFFF, 
    0xFFFF, 0xFFFF, 0xFFFF, 0xFFFF, 0xFFFF, 0xFFFF, 0xFFFF, 0xFFFF, 0xFFFF, 0xFFFF, 0xFFFF, 0xFFFF, 
    0xFFFF, 0xFFFF, 0xFFFF, 0xFFFF, 0xFFFF, 0xFFFF, 0xFFFF, 0xFFFF, 0xFFFF, 0xFFFF, 0xFFFF, 0xFFFF, 
    0xFFFF, 0xFFFF, 0xFFFF, 0xFFFF, 0xFFFF, 0xFFFF, 0xFFFF, 0xFFFF, 0xFFFF, 0xFFFF, 0xFFFF, 0xFFFF, 
    0xFFFF, 0xFFFF, 0xFFFF, 0xFFFF, 0xFFFF, 0xFFFF, 0xFFFF, 0xFFFF, 0xFFFF, 0xFFFF, 0xFFFF, 0xFFFF, 
    0xFFFF, 0xFFFF, 0xFFFF, 0xFFFF, 0xFFFF, 0xFFFF, 0xFFFF, 0x8C6B, 0xFCF7, 0xB9BE, 0xFABE, 0xFABE, 
    0xDABE, 0xDABE, 0xDABE, 0xFAC6, 0x7AE7, 0x5AE7, 0x1ACF, 0xBAB6, 0xB88D, 0xD98D, 0x59A6, 0xF9C6, 
    0x5ADF, 0xB58D, 0xAF33, 0x8B1A, 0xC811, 0x8609, 0x8709, 0x8609, 0x8609, 0x8609, 0x6609, 0x4509, 
    0x2509, 0x2501, 0x2501, 0x2501, 0x2501, 0x2501, 0x2501, 0x2501, 0x2501, 0x2509, 0x0509, 0xA709, 
    0x8E3B, 0x39DF, 0x7AE7, 0xD9C6, 0xD98D, 0xD98D, 0x79AE, 0x1AC7, 0xD9C6, 0x39DF, 0x4C6B, 0xFFFF, 
    0xFFFF, 0xFFFF, 0xFFFF, 0xFFFF, 0xFFFF, 0xFFFF, 0xFFFF, 0xFFFF, 0xFFFF, 0xFFFF, 0xFFFF, 0xFFFF, 
    0xFFFF, 0xFFFF, 0xFFFF, 0xFFFF, 0xFFFF, 0xFFFF, 0xFFFF, 0xFFFF, 0xFFFF, 0xFFFF, 0xFFFF, 0xFFFF, 
    0xFFFF, 0xFFFF, 0xFFFF, 0xFFFF, 0xFFFF, 0xFFFF, 0xFFFF, 0xFFFF, 0xFFFF, 0xFFFF, 0xFFFF, 0xFFFF, 
    0xFFFF, 0xFFFF, 0xFFFF, 0xFFFF, 0xFFFF, 0xFFFF, 0xFFFF, 0xFFFF, 0xFFFF, 0xFFFF, 0xFFFF, 0xFFFF, 
    0xFFFF, 0xFFFF, 0xFFFF, 0xFFFF, 0xFFFF, 0xFFFF, 0xFFFF, 0xFFFF, 0xFFFF, 0xFFFF, 0x8C73, 0xFCF7, 
    0xB9BE, 0xDABE, 0xDABE, 0xFABE, 0xDAB6, 0x1ACF, 0x5AE7, 0x7AE7, 0x1AC7, 0x59A6, 0xB88D, 0x9885, 
    0x399E, 0xDAC6, 0x5ADF, 0xD685, 0xCF43, 0x6A1A, 0x4A12, 0x7585, 0xFABE, 0xB9B6, 0xB9B6, 0xD9BE, 
    0x58A6, 0x7575, 0x6A1A, 0x2501, 0xA300, 0x2501, 0x2501, 0x2501, 0x2501, 0x2501, 0x2501, 0xE400, 
    0xA300, 0xAF3B, 0xB58D, 0x59DF, 0x7AE7, 0x7AE7, 0xD9C6, 0xD98D, 0xB98D, 0x59A6, 0x19CF, 0x7AEF, 
    0xA631, 0xFFFF, 0xFFFF, 0xFFFF, 0xFFFF, 0xFFFF, 0xFFFF, 0xFFFF, 0xFFFF, 0xFFFF, 0xFFFF, 0xFFFF, 
    0xFFFF, 0xFFFF, 0xFFFF, 0xFFFF, 0xFFFF, 0xFFFF, 0xFFFF, 0xFFFF, 0xFFFF, 0xFFFF, 0xFFFF, 0xFFFF, 
    0xFFFF, 0xFFFF, 0xFFFF, 0xFFFF, 0xFFFF, 0xFFFF, 0xFFFF, 0xFFFF, 0xFFFF, 0xFFFF, 0xFFFF, 0xFFFF, 
    0xFFFF, 0xFFFF, 0xFFFF, 0xFFFF, 0xFFFF, 0xFFFF, 0xFFFF, 0xFFFF, 0xFFFF, 0xFFFF, 0xFFFF, 0xFFFF, 
    0xFFFF, 0xFFFF, 0xFFFF, 0xFFFF, 0xFFFF, 0xFFFF, 0xFFFF, 0xFFFF, 0xFFFF, 0xFFFF, 0xFFFF, 0xFFFF, 
    0xFFFF, 0x6C6B, 0xFCF7, 0xBABE, 0xDABE, 0xDABE, 0xFABE, 0x1ACF, 0x1ACF, 0xD9C6, 0x99B6, 0x59A6, 
    0xF995, 0x9885, 0xF895, 0x7AAE, 0x1ACF, 0x7AE7, 0x346D, 0x8E2B, 0x6A12, 0x4A12, 0x1054, 0x3475, 
    0x757D, 0x757D, 0xD685, 0x3796, 0x999E, 0xD26C, 0xCF53, 0xEC32, 0x8709, 0x2501, 0x2501, 0x2501, 
    0x2501, 0x0501, 0xA711, 0x6E43, 0x757D, 0x1796, 0x16A6, 0x169E, 0x19D7, 0xFACE, 0xD98D, 0xD98D, 
    0x59A6, 0xF9CE, 0x7AEF, 0x4429, 0xFFFF, 0xFFFF, 0xFFFF, 0xFFFF, 0xFFFF, 0xFFFF, 0xFFFF, 0xFFFF, 
    0xFFFF, 0xFFFF, 0xFFFF, 0xFFFF, 0xFFFF, 0xFFFF, 0xFFFF, 0xFFFF, 0xFFFF, 0xFFFF, 0xFFFF, 0xFFFF, 
    0xFFFF, 0xFFFF, 0xFFFF, 0xFFFF, 0xFFFF, 0xFFFF, 0xFFFF, 0xFFFF, 0xFFFF, 0xFFFF, 0xFFFF, 0xFFFF, 
    0xFFFF, 0xFFFF, 0xFFFF, 0xFFFF, 0xFFFF, 0xFFFF, 0xFFFF, 0xFFFF, 0xFFFF, 0xFFFF, 0xFFFF, 0xFFFF, 
    0xFFFF, 0xFFFF, 0xFFFF, 0xFFFF, 0xFFFF, 0xFFFF, 0xFFFF, 0xFFFF, 0xFFFF, 0xFFFF, 0xFFFF, 0xFFFF, 
    0xFFFF, 0xFFFF, 0xFFFF, 0xFFFF, 0xAD73, 0xDBEF, 0xB9B6, 0xDABE, 0xDABE, 0xDABE, 0x7AE7, 0xFAC6, 
    0x399E, 0x9885, 0x9885, 0x9885, 0xB88D, 0x399E, 0xDABE, 0x3AD7, 0x5AE7, 0xB254, 0x4D23, 0x8B1A, 
    0xAB1A, 0x2912, 0x6A12, 0x2D23, 0x2D23, 0xCF33, 0x346D, 0x3AC7, 0x5BCF, 0x1BB7, 0xB67D, 0xE811, 
    0x4601, 0x0501, 0x2501, 0x4601, 0x0501, 0xEC32, 0xDAA6, 0x3AC7, 0xD68D, 0x314C, 0x714C, 0x97BE, 
    0x1ACF, 0xD98D, 0xD98D, 0x59AE, 0x19CF, 0x7AEF, 0x6529, 0xFFFF, 0xFFFF, 0xFFFF, 0xFFFF, 0xFFFF, 
    0xFFFF, 0xFFFF, 0xFFFF, 0xFFFF, 0xFFFF, 0xFFFF, 0xFFFF, 0xFFFF, 0xFFFF, 0xFFFF, 0xFFFF, 0xFFFF, 
    0xFFFF, 0xFFFF, 0xFFFF, 0xFFFF, 0xFFFF, 0xFFFF, 0xFFFF, 0xFFFF, 0xFFFF, 0xFFFF, 0xFFFF, 0xFFFF, 
    0xFFFF, 0xFFFF, 0xFFFF, 0xFFFF, 0xFFFF, 0xFFFF, 0xFFFF, 0xFFFF, 0xFFFF, 0xFFFF, 0xFFFF, 0xFFFF, 
    0xFFFF, 0xFFFF, 0xFFFF, 0xFFFF, 0xFFFF, 0xFFFF, 0xFFFF, 0xFFFF, 0xFFFF, 0xFFFF, 0xFFFF, 0xFFFF, 
    0xFFFF, 0xFFFF, 0xFFFF, 0xFFFF, 0xFFFF, 0xFFFF, 0xB4B5, 0xF9CE, 0xB9B6, 0xDABE, 0xBAB6, 0x1ACF, 
    0x9BE7, 0xB895, 0x577D, 0x7885, 0xD98D, 0xB885, 0x9885, 0x9885, 0x99B6, 0x19CF, 0x5AE7, 0x9AEF, 
    0x104C, 0x6B12, 0xE909, 0x6A0A, 0x6E2B, 0xB254, 0x7575, 0x514C, 0x3144, 0x714C, 0xD254, 0xD254, 
    0xF35C, 0x724C, 0x2D33, 0x6609, 0xE400, 0x2501, 0xE400, 0x8E3B, 0x135D, 0xF35C, 0xF35C, 0xB25C, 
    0x9254, 0x924C, 0x97BE, 0xFACE, 0xB88D, 0xB98D, 0x59A6, 0x19CF, 0x9AEF, 0x6529, 0xFFFF, 0xFFFF, 
    0xFFFF, 0xFFFF, 0xFFFF, 0xFFFF, 0xFFFF, 0xFFFF, 0xFFFF, 0xFFFF, 0xFFFF, 0xFFFF, 0xFFFF, 0xFFFF, 
    0xFFFF, 0xFFFF, 0xFFFF, 0xFFFF, 0xFFFF, 0xFFFF, 0xFFFF, 0xFFFF, 0xFFFF, 0xFFFF, 0xFFFF, 0xFFFF, 
    0xFFFF, 0xFFFF, 0xFFFF, 0xFFFF, 0xFFFF, 0xFFFF, 0xFFFF, 0xFFFF, 0xFFFF, 0xFFFF, 0xFFFF, 0xFFFF, 
    0xFFFF, 0xFFFF, 0xFFFF, 0xFFFF, 0xFFFF, 0xFFFF, 0xFFFF, 0xFFFF, 0xFFFF, 0xFFFF, 0xFFFF, 0xFFFF, 
    0xFFFF, 0xFFFF, 0xFFFF, 0xFFFF, 0xFFFF, 0xFFFF, 0xFFFF, 0xFFFF, 0xFFFF, 0x56CE, 0x7BDF, 0xBAB6, 
    0xDABE, 0x1AC7, 0xB9BE, 0xD89D, 0xD76C, 0xF76C, 0x587D, 0xD98D, 0x399E, 0x59AE, 0x79B6, 0xF9C6, 
    0x5ADF, 0xF8CE, 0xF69D, 0x6E33, 0x6B12, 0xAB1A, 0x7154, 0x747D, 0x1796, 0x78A6, 0xB58D, 0xB58D, 
    0xB68D, 0xB685, 0x9575, 0x9254, 0x8E33, 0x2D2B, 0x6609, 0xE400, 0x2501, 0x6609, 0xEF3B, 0x9575, 
    0xF68D, 0xD68D, 0xD68D, 0xF68D, 0xD68D, 0xD8C6, 0xD9C6, 0xB88D, 0xB98D, 0x59A6, 0x19CF, 0x9BF7, 
    0x6529, 0xFFFF, 0xFFFF, 0xFFFF, 0xFFFF, 0xFFFF, 0xFFFF, 0xFFFF, 0xFFFF, 0xFFFF, 0xFFFF, 0xFFFF, 
    0xFFFF, 0xFFFF, 0xFFFF, 0xFFFF, 0xFFFF, 0xFFFF, 0xFFFF, 0xFFFF, 0xFFFF, 0xFFFF, 0xFFFF, 0xFFFF, 
    0xFFFF, 0xFFFF, 0xFFFF, 0xFFFF, 0xFFFF, 0xFFFF, 0xFFFF, 0xFFFF, 0xFFFF, 0xFFFF, 0xFFFF, 0xFFFF, 
    0xFFFF, 0xFFFF, 0xFFFF, 0xFFFF, 0xFFFF, 0xFFFF, 0xFFFF, 0xFFFF, 0xFFFF, 0xFFFF, 0xFFFF, 0xFFFF, 
    0xFFFF, 0xFFFF, 0xFFFF, 0xFFFF, 0xFFFF, 0xFFFF, 0xFFFF, 0xFFFF, 0xFFFF, 0xFFFF, 0xFFFF, 0xFFFF, 
    0x36C6, 0x7BDF, 0xDABE, 0xBAB6, 0x7ADF, 0x18A6, 0xD43B, 0x3554, 0xD76C, 0x7885, 0xD895, 0x9AB6, 
    0x3AD7, 0x9AEF, 0x39DF, 0x7AEF, 0x77B6, 0x103C, 0xEC22, 0xAB1A, 0x8F33, 0xFAAE, 0x3ACF, 0x3AD7, 
    0x3AD7, 0x3AD7, 0x3AD7, 0x3AD7, 0x3BD7, 0xDAB6, 0x925C, 0x8B12, 0xEC22, 0x8709, 0xE400, 0x2509, 
    0x4A1A, 0xCF3B, 0x957D, 0x5BD7, 0x3AD7, 0x5BD7, 0x5BD7, 0x5AD7, 0x3AD7, 0x99B6, 0xB88D, 0xB88D, 
    0x59A6, 0x1ACF, 0xBBF7, 0xA631, 0xFFFF, 0xFFFF, 0xFFFF, 0xFFFF, 0xFFFF, 0xFFFF, 0xFFFF, 0xFFFF, 
    0xFFFF, 0xFFFF, 0xFFFF, 0xFFFF, 0xFFFF, 0xFFFF, 0xFFFF, 0xFFFF, 0xFFFF, 0xFFFF, 0xFFFF, 0xFFFF, 
    0xFFFF, 0xFFFF, 0xFFFF, 0xFFFF, 0xFFFF, 0xFFFF, 0xFFFF, 0xFFFF, 0xFFFF, 0xFFFF, 0xFFFF, 0xFFFF, 
    0xFFFF, 0xFFFF, 0xFFFF, 0xFFFF, 0xFFFF, 0xFFFF, 0xFFFF, 0xFFFF, 0xFFFF, 0xFFFF, 0xFFFF, 0xFFFF, 
    0xFFFF, 0xFFFF, 0xFFFF, 0xFFFF, 0xFFFF, 0xFFFF, 0xFFFF, 0xFFFF, 0xFFFF, 0xFFFF, 0xFFFF, 0xFFFF, 
    0xFFFF, 0xFFFF, 0xFFFF, 0x55C6, 0x9BDF, 0xBAB6, 0x1BC7, 0xD895, 0x1775, 0xD764, 0x787D, 0xD98D, 
    0x79AE, 0x5ADF, 0x9BEF, 0x57AE, 0xB25C, 0x7AE7, 0xBBEF, 0x36AE, 0x4D2B, 0x4A1A, 0x090A, 0x8B1A, 
    0x103C, 0x97BE, 0x8F94, 0x0419, 0xF9D6, 0x55C6, 0x0D84, 0x0419, 0xED73, 0xAD53, 0xCC1A, 0x4A1A, 
    0x6609, 0x0501, 0x4609, 0x8E33, 0xD685, 0x1ABF, 0x1ACF, 0x55C6, 0x6B6B, 0xC631, 0x3AD7, 0x3AD7, 
    0x99B6, 0xB88D, 0xB98D, 0x59A6, 0x3ACF, 0x7AEF, 0x3AE7, 0x6C6B, 0xFFFF, 0xFFFF, 0xFFFF, 0xFFFF, 
    0xFFFF, 0xFFFF, 0xFFFF, 0xFFFF, 0xFFFF, 0xFFFF, 0xFFFF, 0xFFFF, 0xFFFF, 0xFFFF, 0xFFFF, 0xFFFF, 
    0xFFFF, 0xFFFF, 0xFFFF, 0xFFFF, 0xFFFF, 0xFFFF, 0xFFFF, 0xFFFF, 0xFFFF, 0xFFFF, 0xFFFF, 0xFFFF, 
    0xFFFF, 0xFFFF, 0xFFFF, 0xFFFF, 0xFFFF, 0xFFFF, 0xFFFF, 0xFFFF, 0xFFFF, 0xFFFF, 0xFFFF, 0xFFFF, 
    0xFFFF, 0xFFFF, 0xFFFF, 0xFFFF, 0xFFFF, 0xFFFF, 0xFFFF, 0xFFFF, 0xFFFF, 0xFFFF, 0xFFFF, 0xFFFF, 
    0xFFFF, 0xFFFF, 0xFFFF, 0xFFFF, 0xC318, 0x694A, 0x56C6, 0x5AD7, 0xDABE, 0x7AAE, 0x587D, 0x3875, 
    0x9885, 0x199E, 0x99B6, 0xB9BE, 0x16AE, 0x98BE, 0xD58D, 0xB254, 0x57AE, 0x39DF, 0x57B6, 0x2D23, 
    0x4A12, 0x090A, 0x4A12, 0xAB1A, 0xB07C, 0x6B6B, 0x6429, 0xF4BD, 0x3195, 0xE94A, 0xFFFF, 0xE641, 
    0x4832, 0x0912, 0xC809, 0x4601, 0x0501, 0x6609, 0xCF3B, 0x9264, 0x7495, 0x56BE, 0xEF9C, 0x0642, 
    0xA308, 0x37A6, 0xF9C6, 0xB9BE, 0xB88D, 0xD98D, 0x39A6, 0xDABE, 0x3ADF, 0xFDFF, 0xEE7B, 0xFFFF, 
    0xFFFF, 0xFFFF, 0xFFFF, 0xFFFF, 0xFFFF, 0xFFFF, 0xFFFF, 0xFFFF, 0xFFFF, 0xFFFF, 0xFFFF, 0xFFFF, 
    0xFFFF, 0xFFFF, 0xFFFF, 0xFFFF, 0xFFFF, 0xFFFF, 0xFFFF, 0xFFFF, 0xFFFF, 0xFFFF, 0xFFFF, 0xFFFF, 
    0xFFFF, 0xFFFF, 0xFFFF, 0xFFFF, 0xFFFF, 0xFFFF, 0xFFFF, 0xFFFF, 0xFFFF, 0xFFFF, 0xFFFF, 0xFFFF, 
    0xFFFF, 0xFFFF, 0xFFFF, 0xFFFF, 0xFFFF, 0xFFFF, 0xFFFF, 0xFFFF, 0xFFFF, 0xFFFF, 0xFFFF, 0xFFFF, 
    0xFFFF, 0xFFFF, 0xFFFF, 0xFFFF, 0xFFFF, 0xFFFF, 0xFFFF, 0x2842, 0xFEFF, 0xB9BE, 0x1AC7, 0x1AD7, 
    0xF774, 0xF76C, 0xB88D, 0x9AAE, 0xBABE, 0x5ADF, 0x97C6, 0xCC1A, 0xAF33, 0x1365, 0x3786, 0xCF33, 
    0x57AE, 0x98BE, 0x6E23, 0x6A1A, 0x0912, 0xE811, 0x0501, 0x2601, 0xAA3A, 0xCF9C, 0x6D94, 0x6C43, 
    0xE809, 0xFFFF, 0xFFFF, 0x6200, 0x0501, 0x0501, 0x2501, 0x2501, 0x6609, 0xCF3B, 0x6601, 0x8521, 
    0xEF9C, 0x8852, 0x8521, 0x8609, 0x313C, 0x77AE, 0xDAC6, 0xB88D, 0xF995, 0xD98D, 0x199E, 0xBABE, 
    0xDBF7, 0xCD73, 0xFFFF, 0xFFFF, 0xFFFF, 0xFFFF, 0xFFFF, 0xFFFF, 0xFFFF, 0xFFFF, 0xFFFF, 0xFFFF, 
    0xFFFF, 0xFFFF, 0xFFFF, 0xFFFF, 0xFFFF, 0xFFFF, 0xFFFF, 0xFFFF, 0xFFFF, 0xFFFF, 0xFFFF, 0xFFFF, 
    0xFFFF, 0xFFFF, 0xFFFF, 0xFFFF, 0xFFFF, 0xFFFF, 0xFFFF, 0xFFFF, 0xFFFF, 0xFFFF, 0xFFFF, 0xFFFF, 
    0xFFFF, 0xFFFF, 0xFFFF, 0xFFFF, 0xFFFF, 0xFFFF, 0xFFFF, 0xFFFF, 0xFFFF, 0xFFFF, 0xFFFF, 0xFFFF, 
    0xFFFF, 0xFFFF, 0xFFFF, 0xFFFF, 0xFFFF, 0xFFFF, 0xFFFF, 0xFFFF, 0xFFFF, 0xCD7B, 0x97CE, 0xFAC6, 
    0x39A6, 0x79AE, 0xFAC6, 0x9AB6, 0x59A6, 0x9AAE, 0x1ACF, 0x3AD7, 0x7AE7, 0xB8C6, 0x4D2B, 0x0D2B, 
    0x9254, 0x1786, 0xAB1A, 0xB58D, 0x58A6, 0x6E2B, 0x6B1A, 0xA709, 0x2609, 0x2501, 0x2509, 0x8611, 
    0xE721, 0xE729, 0xC711, 0x4609, 0xC400, 0xE400, 0x0401, 0x2501, 0x2501, 0x2501, 0x0501, 0x4609, 
    0x4E2B, 0xE811, 0x2509, 0xE729, 0x6519, 0x2509, 0x2509, 0xA711, 0xB59D, 0x7BDF, 0xF9CE, 0x7885, 
    0x9885, 0x199E, 0xF89D, 0xDCF7, 0x8C73, 0xFFFF, 0xFFFF, 0xFFFF, 0xFFFF, 0xFFFF, 0xFFFF, 0xFFFF, 
    0xFFFF, 0xFFFF, 0xFFFF, 0xFFFF, 0xFFFF, 0xFFFF, 0xFFFF, 0xFFFF, 0xFFFF, 0xFFFF, 0xFFFF, 0xFFFF, 
    0xFFFF, 0xFFFF, 0xFFFF, 0xFFFF, 0xFFFF, 0xFFFF, 0xFFFF, 0xFFFF, 0xFFFF, 0xFFFF, 0xFFFF, 0xFFFF, 
    0xFFFF, 0xFFFF, 0xFFFF, 0xFFFF, 0xFFFF, 0xFFFF, 0xFFFF, 0xFFFF, 0xFFFF, 0xFFFF, 0xFFFF, 0xFFFF, 
    0xFFFF, 0xFFFF, 0xFFFF, 0xFFFF, 0xFFFF, 0xFFFF, 0xFFFF, 0xFFFF, 0xFFFF, 0xFFFF, 0xFFFF, 0xC639, 
    0xD4B5, 0x7BDF, 0x199E, 0xF995, 0x59A6, 0xFABE, 0xFAC6, 0xDABE, 0x1ACF, 0x5ADF, 0x5AE7, 0x9AEF, 
    0xB8C6, 0x2D2B, 0xEC22, 0x1044, 0x9575, 0x0D23, 0x136D, 0x957D, 0x4E2B, 0x4A12, 0x8709, 0x0501, 
    0x2501, 0x0501, 0x0501, 0xE500, 0xE500, 0x0501, 0x0501, 0x2501, 0x2501, 0x2501, 0x2501, 0x2501, 
    0x2501, 0x0501, 0x4609, 0xCC22, 0x0912, 0x4601, 0xE400, 0xE500, 0x0501, 0x2509, 0xC400, 0x7495, 
    0xBBE7, 0x5ADF, 0x577D, 0x587D, 0xB88D, 0x9885, 0x5BDF, 0xD194, 0xA631, 0xFFFF, 0xFFFF, 0xFFFF, 
    0xFFFF, 0xFFFF, 0xFFFF, 0xFFFF, 0xFFFF, 0xFFFF, 0xFFFF, 0xFFFF, 0xFFFF, 0xFFFF, 0xFFFF, 0xFFFF, 
    0xFFFF, 0xFFFF, 0xFFFF, 0xFFFF, 0xFFFF, 0xFFFF, 0xFFFF, 0xFFFF, 0xFFFF, 0xFFFF, 0xFFFF, 0xFFFF, 
    0xFFFF, 0xFFFF, 0xFFFF, 0xFFFF, 0xFFFF, 0xFFFF, 0xFFFF, 0xFFFF, 0xFFFF, 0xFFFF, 0xFFFF, 0xFFFF, 
    0xFFFF, 0xFFFF, 0xFFFF, 0xFFFF, 0xFFFF, 0xFFFF, 0xFFFF, 0xFFFF, 0xFFFF, 0xFFFF, 0xFFFF, 0xFFFF, 
    0xFFFF, 0xE318, 0x9BF7, 0xFAC6, 0x9885, 0x5654, 0x988D, 0x7AAE, 0xFABE, 0xBAB6, 0x3AD7, 0x7AE7, 
    0x7AE7, 0x5AE7, 0x7AE7, 0x97BE, 0xCB1A, 0xEC22, 0x6E2B, 0x303C, 0x3786, 0x7144, 0x0C1B, 0x2D2B, 
    0x2912, 0x8709, 0x0501, 0x2501, 0x2501, 0x2501, 0x2509, 0x2509, 0x2501, 0x2501, 0x2501, 0x2501, 
    0x2501, 0x2501, 0x2501, 0x2501, 0x0501, 0x4601, 0x2912, 0x4A12, 0xE811, 0x2509, 0x2501, 0x0501, 
    0x2509, 0x0501, 0x9595, 0x9BE7, 0x3ADF, 0x377D, 0xD764, 0x1775, 0xD98D, 0x59A6, 0x9BDF, 0xD8DE, 
    0xFFFF, 0xFFFF, 0xFFFF, 0xFFFF, 0xFFFF, 0xFFFF, 0xFFFF, 0xFFFF, 0xFFFF, 0xFFFF, 0xFFFF, 0xFFFF, 
    0xFFFF, 0xFFFF, 0xFFFF, 0xFFFF, 0xFFFF, 0xFFFF, 0xFFFF, 0xFFFF, 0xFFFF, 0xFFFF, 0xFFFF, 0xFFFF, 
    0xFFFF, 0xFFFF, 0xFFFF, 0xFFFF, 0xFFFF, 0xFFFF, 0xFFFF, 0xFFFF, 0xFFFF, 0xFFFF, 0xFFFF, 0xFFFF, 
    0xFFFF, 0xFFFF, 0xFFFF, 0xFFFF, 0xFFFF, 0xFFFF, 0xFFFF, 0xFFFF, 0xFFFF, 0xFFFF, 0xFFFF, 0xFFFF, 
    0xFFFF, 0xFFFF, 0xFFFF, 0xFFFF, 0xE318, 0x59E7, 0xFAC6, 0x9885, 0x1554, 0x39A6, 0xDABE, 0xDABE, 
    0x1ACF, 0x5ADF, 0x3AD7, 0xFAC6, 0x5ADF, 0x5AE7, 0xF8D6, 0xB59D, 0xAE3B, 0xCC1A, 0xEC22, 0x6E33, 
    0xEC22, 0x6A12, 0x4A12, 0x0912, 0x8709, 0x0501, 0x2501, 0x2501, 0x2501, 0x2501, 0x2501, 0x2501, 
    0x2501, 0x2501, 0x2501, 0x2501, 0x2501, 0x2501, 0x2501, 0x2501, 0x2601, 0x8709, 0xAB22, 0xAB22, 
    0x0501, 0x2501, 0x2501, 0x2509, 0xC400, 0x748D, 0x9BDF, 0x5ADF, 0x59A6, 0xF76C, 0x5654, 0x787D, 
    0x399E, 0xDABE, 0xB8CE, 0x32A5, 0xA631, 0xFFFF, 0xFFFF, 0xFFFF, 0xFFFF, 0xFFFF, 0xFFFF, 0xFFFF, 
    0xFFFF, 0xFFFF, 0xFFFF, 0xFFFF, 0xFFFF, 0xFFFF, 0xFFFF, 0xFFFF, 0xFFFF, 0xFFFF, 0xFFFF, 0xFFFF, 
    0xFFFF, 0xFFFF, 0xFFFF, 0xFFFF, 0xFFFF, 0xFFFF, 0xFFFF, 0xFFFF, 0xFFFF, 0xFFFF, 0xFFFF, 0xFFFF, 
    0xFFFF, 0xFFFF, 0xFFFF, 0xFFFF, 0xFFFF, 0xFFFF, 0xFFFF, 0xFFFF, 0xFFFF, 0xFFFF, 0xFFFF, 0xFFFF, 
    0xFFFF, 0xFFFF, 0xFFFF, 0xFFFF, 0xFFFF, 0xFFFF, 0xFFFF, 0xE318, 0x5AEF, 0xFAC6, 0x9885, 0xF44B, 
    0x7AAE, 0x1BC7, 0xFAC6, 0x7AE7, 0x3ADF, 0xFAC6, 0xBAB6, 0x5ADF, 0x5AE7, 0x5AE7, 0xBBF7, 0xD264, 
    0xEC22, 0xE809, 0x0912, 0x0912, 0xE809, 0xC809, 0xE911, 0x8709, 0x0501, 0x2501, 0x2501, 0x2501, 
    0x2501, 0x2501, 0x2501, 0x2501, 0x2501, 0x2501, 0x2501, 0x2501, 0x2501, 0x2501, 0x2501, 0x2509, 
    0x0501, 0x2D33, 0x4D33, 0x0501, 0x2501, 0x2501, 0x2509, 0xC400, 0x548D, 0x9BDF, 0x39DF, 0x1AC7, 
    0x577D, 0x3554, 0x176D, 0x199E, 0x9AB6, 0xFAC6, 0xFEFF, 0xA952, 0xFFFF, 0xFFFF, 0xFFFF, 0xFFFF, 
    0xFFFF, 0xFFFF, 0xFFFF, 0xFFFF, 0xFFFF, 0xFFFF, 0xFFFF, 0xFFFF, 0xFFFF, 0xFFFF, 0xFFFF, 0xFFFF, 
    0xFFFF, 0xFFFF, 0xFFFF, 0xFFFF, 0xFFFF, 0xFFFF, 0xFFFF, 0xFFFF, 0xFFFF, 0xFFFF, 0xFFFF, 0xFFFF, 
    0xFFFF, 0xFFFF, 0xFFFF, 0xFFFF, 0xFFFF, 0xFFFF, 0xFFFF, 0xFFFF, 0xFFFF, 0xFFFF, 0xFFFF, 0xFFFF, 
    0xFFFF, 0xFFFF, 0xFFFF, 0xFFFF, 0xFFFF, 0xFFFF, 0xFFFF, 0xFFFF, 0xFFFF, 0xFFFF, 0xE318, 0x5AEF, 
    0xFAC6, 0x9885, 0xF54B, 0x79AE, 0x3BD7, 0x7AE7, 0x7AE7, 0x38A6, 0x1996, 0xDABE, 0x5ADF, 0x5AE7, 
    0x5ADF, 0x39DF, 0x5BCF, 0x5164, 0xE400, 0xEF63, 0x8A2A, 0x8701, 0xE911, 0x0912, 0x8709, 0x0501, 
    0x2501, 0x2501, 0x2501, 0x2501, 0x2501, 0x2501, 0x2501, 0x2501, 0x2501, 0x2501, 0x2501, 0x0501, 
    0x0501, 0xE400, 0xE400, 0xA400, 0x8E43, 0xCE4B, 0xE400, 0x2501, 0x2501, 0x2509, 0x4601, 0x748D, 
    0x7BDF, 0x39DF, 0x5ADF, 0x99B6, 0x7885, 0x3554, 0x9885, 0x199E, 0x79B6, 0xDBF7, 0x684A, 0xFFFF, 
    0xFFFF, 0xFFFF, 0xFFFF, 0xFFFF, 0xFFFF, 0xFFFF, 0xFFFF, 0xFFFF, 0xFFFF, 0xFFFF, 0xFFFF, 0xFFFF, 
    0xFFFF, 0xFFFF, 0xFFFF, 0xFFFF, 0xFFFF, 0xFFFF, 0xFFFF, 0xFFFF, 0xFFFF, 0xFFFF, 0xFFFF, 0xFFFF, 
    0xFFFF, 0xFFFF, 0xFFFF, 0xFFFF, 0xFFFF, 0xFFFF, 0xFFFF, 0xFFFF, 0xFFFF, 0xFFFF, 0xFFFF, 0xFFFF, 
    0xFFFF, 0xFFFF, 0xFFFF, 0xFFFF, 0xFFFF, 0xFFFF, 0xFFFF, 0xFFFF, 0xFFFF, 0xFFFF, 0xFFFF, 0xFFFF, 
    0xFFFF, 0xE318, 0x5AEF, 0xDAC6, 0xD98D, 0x9664, 0x9AAE, 0x3AD7, 0x39DF, 0x1ACF, 0xF995, 0x1996, 
    0xDABE, 0x5ADF, 0x7AE7, 0x7AE7, 0x5AE7, 0x7BDF, 0x16A6, 0xEF53, 0x8629, 0xAB32, 0x2D2B, 0xA809, 
    0x0912, 0x8709, 0x0501, 0x2501, 0x2501, 0x2501, 0x2501, 0x2501, 0x2501, 0x2501, 0x2501, 0x2501, 
    0x0501, 0x2501, 0x8709, 0xC811, 0x491A, 0xCB2A, 0x8A22, 0x304C, 0xCE4B, 0x0501, 0x4501, 0x2501, 
    0x4609, 0x2912, 0xB595, 0x7BDF, 0x39DF, 0x5ADF, 0xFACE, 0xF99D, 0x1554, 0x7885, 0x59A6, 0xD9BE, 
    0xFBFF, 0x684A, 0xFFFF, 0xFFFF, 0xFFFF, 0xFFFF, 0xFFFF, 0xFFFF, 0xFFFF, 0xFFFF, 0xFFFF, 0xFFFF, 
    0xFFFF, 0xFFFF, 0xFFFF, 0xFFFF, 0xFFFF, 0xFFFF, 0xFFFF, 0xFFFF, 0xFFFF, 0xFFFF, 0xFFFF, 0xFFFF, 
    0xFFFF, 0xFFFF, 0xFFFF, 0xFFFF, 0xFFFF, 0xFFFF, 0xFFFF, 0xFFFF, 0xFFFF, 0xFFFF, 0xFFFF, 0xFFFF, 
    0xFFFF, 0xFFFF, 0xFFFF, 0xFFFF, 0xFFFF, 0xFFFF, 0xFFFF, 0xFFFF, 0xFFFF, 0xFFFF, 0xFFFF, 0xFFFF, 
    0xFFFF, 0xFFFF, 0xFFFF, 0xFFFF, 0xE318, 0x7AEF, 0xFAC6, 0x199E, 0x3775, 0x59A6, 0xF9CE, 0x3AD7, 
    0x79AE, 0xD98D, 0x1996, 0xDABE, 0x5ADF, 0x7AE7, 0x5ADF, 0x7AE7, 0x7AE7, 0x7BD7, 0x99AE, 0x8210, 
    0xAE4B, 0xF35C, 0x291A, 0x4A12, 0xC809, 0x4601, 0x2501, 0x2501, 0x2501, 0x2501, 0x2501, 0x2501, 
    0x2501, 0x2501, 0x2501, 0x2501, 0x4609, 0xE811, 0x4A1A, 0x2D2B, 0x1044, 0xF03B, 0x304C, 0x4D3B, 
    0x0501, 0x4501, 0x2501, 0x8709, 0x6E33, 0x169E, 0x5ADF, 0x39DF, 0x59DF, 0x5ADF, 0x79AE, 0x3554, 
    0x7885, 0x7AAE, 0x1ACF, 0xFBFF, 0x684A, 0xFFFF, 0xFFFF, 0xFFFF, 0xFFFF, 0xFFFF, 0xFFFF, 0xFFFF, 
    0xFFFF, 0xFFFF, 0xFFFF, 0xFFFF, 0xFFFF, 0xFFFF, 0xFFFF, 0xFFFF, 0xFFFF, 0xFFFF, 0xFFFF, 0xFFFF, 
    0xFFFF, 0xFFFF, 0xFFFF, 0xFFFF, 0xFFFF, 0xFFFF, 0xFFFF, 0xFFFF, 0xFFFF, 0xFFFF, 0xFFFF, 0xFFFF, 
    0xFFFF, 0xFFFF, 0xFFFF, 0xFFFF, 0xFFFF, 0xFFFF, 0xFFFF, 0xFFFF, 0xFFFF, 0xFFFF, 0xFFFF, 0xFFFF, 
    0xFFFF, 0xFFFF, 0xFFFF, 0xFFFF, 0xFFFF, 0xFFFF, 0xFFFF, 0xE318, 0x7AEF, 0x5BD7, 0x9AAE, 0xF995, 
    0x176D, 0x38A6, 0x39D7, 0xF76C, 0x9885, 0xF995, 0xBAB6, 0x7AE7, 0x3ACF, 0x1ACF, 0x7AEF, 0x5AE7, 
    0x5ADF, 0x39DF, 0x19DF, 0xF9C6, 0xB9B6, 0x98A6, 0xEC2A, 0x090A, 0x0912, 0x2501, 0x2501, 0x2501, 
    0x2501, 0x2501, 0x2501, 0x2501, 0x2501, 0x2501, 0x2501, 0x2501, 0x2501, 0x0501, 0xE811, 0x4D2B, 
    0x1044, 0x081A, 0x0501, 0x2501, 0x4501, 0x0501, 0xE819, 0x5896, 0x19CF, 0x5ADF, 0x59DF, 0x39DF, 
    0x7AE7, 0x99BE, 0xF54B, 0x587D, 0x59A6, 0x1ACF, 0xFCFF, 0x894A, 0xFFFF, 0xFFFF, 0xFFFF, 0xFFFF, 
    0xFFFF, 0xFFFF, 0xFFFF, 0xFFFF, 0xFFFF, 0xFFFF, 0xFFFF, 0xFFFF, 0xFFFF, 0xFFFF, 0xFFFF, 0xFFFF, 
    0xFFFF, 0xFFFF, 0xFFFF, 0xFFFF, 0xFFFF, 0xFFFF, 0xFFFF, 0xFFFF, 0xFFFF, 0xFFFF, 0xFFFF, 0xFFFF, 
    0xFFFF, 0xFFFF, 0xFFFF, 0xFFFF, 0xFFFF, 0xFFFF, 0xFFFF, 0xFFFF, 0xFFFF, 0xFFFF, 0xFFFF, 0xFFFF, 
    0xFFFF, 0xFFFF, 0xFFFF, 0xFFFF, 0xFFFF, 0xFFFF, 0xFFFF, 0xFFFF, 0xFFFF, 0xFFFF, 0xE318, 0x9AF7, 
    0x7BE7, 0xDABE, 0x399E, 0xF76C, 0x18A6, 0x19D7, 0xF76C, 0x3875, 0xB88D, 0x7AAE, 0x7AE7, 0xFAC6, 
    0x9AB6, 0x3AD7, 0x5ADF, 0x5AE7, 0x7AE7, 0x7AE7, 0x5ADF, 0x3AD7, 0x1AC7, 0xCF3B, 0x8B12, 0x0912, 
    0x2501, 0x2501, 0x2501, 0x2501, 0x2501, 0x2501, 0x2501, 0x2501, 0x2501, 0x2501, 0x2501, 0x0501, 
    0x0501, 0x6609, 0x0912, 0x6A22, 0x6609, 0x0501, 0x2501, 0x2501, 0x4601, 0xAB2A, 0x1ABF, 0x5AD7, 
    0x5ADF, 0x5ADF, 0x39DF, 0x7AE7, 0xB9C6, 0xB664, 0xD98D, 0xBABE, 0x5ADF, 0xFCFF, 0x8952, 0xFFFF, 
    0xFFFF, 0xFFFF, 0xFFFF, 0xFFFF, 0xFFFF, 0xFFFF, 0xFFFF, 0xFFFF, 0xFFFF, 0xFFFF, 0xFFFF, 0xFFFF, 
    0xFFFF, 0xFFFF, 0xFFFF, 0xFFFF, 0xFFFF, 0xFFFF, 0xFFFF, 0xFFFF, 0xFFFF, 0xFFFF, 0xFFFF, 0xFFFF, 
    0xFFFF, 0xFFFF, 0xFFFF, 0xFFFF, 0xFFFF, 0xFFFF, 0xFFFF, 0xFFFF, 0xFFFF, 0xFFFF, 0xFFFF, 0xFFFF, 
    0xFFFF, 0xFFFF, 0xFFFF, 0xFFFF, 0xFFFF, 0xFFFF, 0xFFFF, 0xFFFF, 0xFFFF, 0xFFFF, 0xFFFF, 0xFFFF, 
    0xFFFF, 0xE318, 0xF9DE, 0x7AE7, 0x1ACF, 0x79A6, 0x176D, 0x18A6, 0x3AD7, 0x377D, 0x1775, 0x7885, 
    0x39A6, 0x7BE7, 0xBABE, 0x199E, 0xBAB6, 0x3AD7, 0x7AE7, 0x7AEF, 0x7AE7, 0x7AEF, 0x7AE7, 0x3BD7, 
    0xD354, 0x0D23, 0xE809, 0x4501, 0x2501, 0x2501, 0x2501, 0x2501, 0x2501, 0x2501, 0x2501, 0x2501, 
    0x2509, 0x2509, 0x4609, 0x4609, 0x4609, 0x2501, 0x2501, 0x2501, 0x2501, 0x2501, 0x0501, 0x8709, 
    0x6E3B, 0x5BD7, 0x5ADF, 0x5ADF, 0x5ADF, 0x5ADF, 0x5AE7, 0xD9C6, 0x787D, 0x79A6, 0x19CF, 0x59E7, 
    0x9BEF, 0x684A, 0xFFFF, 0xFFFF, 0xFFFF, 0xFFFF, 0xFFFF, 0xFFFF, 0xFFFF, 0xFFFF, 0xFFFF, 0xFFFF, 
    0xFFFF, 0xFFFF, 0xFFFF, 0xFFFF, 0xFFFF, 0xFFFF, 0xFFFF, 0xFFFF, 0xFFFF, 0xFFFF, 0xFFFF, 0xFFFF, 
    0xFFFF, 0xFFFF, 0xFFFF, 0xFFFF, 0xFFFF, 0xFFFF, 0xFFFF, 0xFFFF, 0xFFFF, 0xFFFF, 0xFFFF, 0xFFFF, 
    0xFFFF, 0xFFFF, 0xFFFF, 0xFFFF, 0xFFFF, 0xFFFF, 0xFFFF, 0xFFFF, 0xFFFF, 0xFFFF, 0xFFFF, 0xFFFF, 
    0xFFFF, 0xFFFF, 0xFFFF, 0xFFFF, 0xFFFF, 0x8210, 0x94B5, 0xDCEF, 0xBAB6, 0x787D, 0xF995, 0x1AC7, 
    0x5BDF, 0x988D, 0xD76C, 0x587D, 0x1BCF, 0x79AE, 0xF98D, 0x199E, 0xB9B6, 0x3AD7, 0x7AEF, 0x7AE7, 
    0x7AEF, 0x7AE7, 0x3ACF, 0xDAA6, 0x304C, 0x8701, 0x0912, 0x4609, 0x0501, 0x2501, 0x2501, 0x2501, 
    0x2501, 0x2501, 0x0501, 0xC400, 0x2501, 0x8B12, 0x6E23, 0xD02B, 0xCF2B, 0xF02B, 0xCC1A, 0xA709, 
    0x0501, 0xE400, 0x0912, 0x924C, 0x3ACF, 0x5ADF, 0x5ADF, 0x5ADF, 0x7AE7, 0x1ACF, 0xBAB6, 0x9AAE, 
    0xD9BE, 0xBBEF, 0x18E7, 0xC318, 0xFFFF, 0xFFFF, 0xFFFF, 0xFFFF, 0xFFFF, 0xFFFF, 0xFFFF, 0xFFFF, 
    0xFFFF, 0xFFFF, 0xFFFF, 0xFFFF, 0xFFFF, 0xFFFF, 0xFFFF, 0xFFFF, 0xFFFF, 0xFFFF, 0xFFFF, 0xFFFF, 
    0xFFFF, 0xFFFF, 0xFFFF, 0xFFFF, 0xFFFF, 0xFFFF, 0xFFFF, 0xFFFF, 0xFFFF, 0xFFFF, 0xFFFF, 0xFFFF, 
    0xFFFF, 0xFFFF, 0xFFFF, 0xFFFF, 0xFFFF, 0xFFFF, 0xFFFF, 0xFFFF, 0xFFFF, 0xFFFF, 0xFFFF, 0xFFFF, 
    0xFFFF, 0xFFFF, 0xFFFF, 0xFFFF, 0xFFFF, 0xFFFF, 0xFFFF, 0xFFFF, 0xFFFF, 0x52AD, 0xDBEF, 0xB9B6, 
    0x399E, 0x79AE, 0x1AC7, 0x9BEF, 0x79AE, 0x9885, 0x1775, 0x59A6, 0x99AE, 0x59A6, 0x9885, 0x9AAE, 
    0x3AD7, 0x7AEF, 0x7AEF, 0x7AEF, 0x7AE7, 0x1ACF, 0xFAAE, 0x925C, 0x4A12, 0x0912, 0x6609, 0x0501, 
    0x2501, 0x2501, 0x2501, 0x2501, 0x2501, 0x2912, 0xCB2A, 0x4D3B, 0x1044, 0x313C, 0x9244, 0xF354, 
    0x1455, 0xCF33, 0x4A1A, 0x2501, 0xC400, 0xEB32, 0xF68D, 0x3AD7, 0x5ADF, 0x5AE7, 0x5AE7, 0x3AD7, 
    0xFAC6, 0xDABE, 0xFAC6, 0x7ADF, 0x15BE, 0x8C73, 0xFFFF, 0xFFFF, 0xFFFF, 0xFFFF, 0xFFFF, 0xFFFF, 
    0xFFFF, 0xFFFF, 0xFFFF, 0xFFFF, 0xFFFF, 0xFFFF, 0xFFFF, 0xFFFF, 0xFFFF, 0xFFFF, 0xFFFF, 0xFFFF, 
    0xFFFF, 0xFFFF, 0xFFFF, 0xFFFF, 0xFFFF, 0xFFFF, 0xFFFF, 0xFFFF, 0xFFFF, 0xFFFF, 0xFFFF, 0xFFFF, 
    0xFFFF, 0xFFFF, 0xFFFF, 0xFFFF, 0xFFFF, 0xFFFF, 0xFFFF, 0xFFFF, 0xFFFF, 0xFFFF, 0xFFFF, 0xFFFF, 
    0xFFFF, 0xFFFF, 0xFFFF, 0xFFFF, 0xFFFF, 0xFFFF, 0xFFFF, 0xFFFF, 0xFFFF, 0xFFFF, 0xFFFF, 0xFFFF, 
    0x52AD, 0xBBEF, 0xBAB6, 0xFAC6, 0xFABE, 0xFAC6, 0x7AE7, 0x5BD7, 0x7AAE, 0xD76C, 0x787D, 0xB9B6, 
    0xFAC6, 0x1775, 0x9AAE, 0x3AD7, 0x7AEF, 0x7AEF, 0x7AEF, 0x7AE7, 0x1AC7, 0xDAA6, 0x1465, 0x0D23, 
    0x0912, 0x6609, 0x0501, 0x2501, 0x2501, 0x2501, 0x2501, 0x2509, 0x6E2B, 0x1365, 0xD685, 0xB57D, 
    0xB254, 0x135D, 0xF77D, 0xF77D, 0xB254, 0xEC22, 0x4609, 0xA300, 0xCE5B, 0x9BD7, 0x39DF, 0x5ADF, 
    0x5ADF, 0x5ADF, 0xFABE, 0xDABE, 0x1BCF, 0x3ADF, 0xFDFF, 0x0E84, 0xFFFF, 0xFFFF, 0xFFFF, 0xFFFF, 
    0xFFFF, 0xFFFF, 0xFFFF, 0xFFFF, 0xFFFF, 0xFFFF, 0xFFFF, 0xFFFF, 0xFFFF, 0xFFFF, 0xFFFF, 0xFFFF, 
    0xFFFF, 0xFFFF, 0xFFFF, 0xFFFF, 0xFFFF, 0xFFFF, 0xFFFF, 0xFFFF, 0xFFFF, 0xFFFF, 0xFFFF, 0xFFFF, 
    0xFFFF, 0xFFFF, 0xFFFF, 0xFFFF, 0xFFFF, 0xFFFF, 0xFFFF, 0xFFFF, 0xFFFF, 0xFFFF, 0xFFFF, 0xFFFF, 
    0xFFFF, 0xFFFF, 0xFFFF, 0xFFFF, 0xFFFF, 0xFFFF, 0xFFFF, 0xFFFF, 0xFFFF, 0xFFFF, 0xFFFF, 0xFFFF, 
    0xFFFF, 0xFFFF, 0xFFFF, 0x52AD, 0xBBEF, 0xBAB6, 0xFABE, 0xDABE, 0xFAC6, 0x7AE7, 0x1ACF, 0x7AAE, 
    0xB88D, 0x787D, 0x99B6, 0xDABE, 0x3775, 0x9AB6, 0x3AD7, 0x7AEF, 0x7AEF, 0x9AEF, 0x7BE7, 0x3ACF, 
    0xB25C, 0x346D, 0xD685, 0xED22, 0x2912, 0x8709, 0x0501, 0x2501, 0x2501, 0x2501, 0x2501, 0x8609, 
    0x8711, 0x2922, 0xCF33, 0x0D23, 0x8F2B, 0x5144, 0xF033, 0x8B1A, 0x6609, 0x4609, 0x8B12, 0x137D, 
    0x7AE7, 0x39DF, 0x59DF, 0x3AD7, 0xFAC6, 0x39A6, 0x7AAE, 0x3BCF, 0xFDFF, 0xEB5A, 0xC318, 0xFFFF, 
    0xFFFF, 0xFFFF, 0xFFFF, 0xFFFF, 0xFFFF, 0xFFFF, 0xFFFF, 0xFFFF, 0xFFFF, 0xFFFF, 0xFFFF, 0xFFFF, 
    0xFFFF, 0xFFFF, 0xFFFF, 0xFFFF, 0xFFFF, 0xFFFF, 0xFFFF, 0xFFFF, 0xFFFF, 0xFFFF, 0xFFFF, 0xFFFF, 
    0xFFFF, 0xFFFF, 0xFFFF, 0xFFFF, 0xFFFF, 0xFFFF, 0xFFFF, 0xFFFF, 0xFFFF, 0xFFFF, 0xFFFF, 0xFFFF, 
    0xFFFF, 0xFFFF, 0xFFFF, 0xFFFF, 0xFFFF, 0xFFFF, 0xFFFF, 0xFFFF, 0xFFFF, 0xFFFF, 0xFFFF, 0xFFFF, 
    0xFFFF, 0xFFFF, 0xFFFF, 0xFFFF, 0xFFFF, 0xFFFF, 0x52AD, 0xDBEF, 0xBAB6, 0xFABE, 0xDABE, 0xFAC6, 
    0x7AE7, 0x1ACF, 0x9AAE, 0xF995, 0xD98D, 0xBABE, 0xFAC6, 0x988D, 0xBAB6, 0x3AD7, 0x7AEF, 0x7AE7, 
    0x59E7, 0x59DF, 0x3BCF, 0x304C, 0x7154, 0x5575, 0x724C, 0x8E33, 0x8B1A, 0x6609, 0x2509, 0x2501, 
    0x2501, 0x2501, 0x0501, 0xE400, 0x2501, 0x8B1A, 0xAB1A, 0x0D23, 0x6E33, 0xCC1A, 0x8709, 0x2501, 
    0xC811, 0x714C, 0x57A6, 0x9AEF, 0x39DF, 0x59DF, 0x19CF, 0x9AAE, 0xF995, 0x9AB6, 0xF9CE, 0xF5BD, 
    0x0421, 0xFFFF, 0xFFFF, 0xFFFF, 0xFFFF, 0xFFFF, 0xFFFF, 0xFFFF, 0xFFFF, 0xFFFF, 0xFFFF, 0xFFFF, 
    0xFFFF, 0xFFFF, 0xFFFF, 0xFFFF, 0xFFFF, 0xFFFF, 0xFFFF, 0xFFFF, 0xFFFF, 0xFFFF, 0xFFFF, 0xFFFF, 
    0xFFFF, 0xFFFF, 0xFFFF, 0xFFFF, 0xFFFF, 0xFFFF, 0xFFFF, 0xFFFF, 0xFFFF, 0xFFFF, 0xFFFF, 0xFFFF, 
    0xFFFF, 0xFFFF, 0xFFFF, 0xFFFF, 0xFFFF, 0xFFFF, 0xFFFF, 0xFFFF, 0xFFFF, 0xFFFF, 0xFFFF, 0xFFFF, 
    0xFFFF, 0xFFFF, 0xFFFF, 0xFFFF, 0xFFFF, 0xFFFF, 0xFFFF, 0xFFFF, 0xFFFF, 0x52AD, 0xFCF7, 0xFABE, 
    0xFAC6, 0xDABE, 0xFAC6, 0x7AE7, 0x1ACF, 0x9AAE, 0xF995, 0x9AB6, 0x1BCF, 0x1BCF, 0x59A6, 0xDABE, 
    0x3AD7, 0x7AEF, 0x7AE7, 0x16E7, 0xF6D6, 0x1AC7, 0x915C, 0x6A1A, 0x291A, 0xBA9E, 0x966D, 0xCF33, 
    0xE809, 0x4609, 0x2509, 0x2509, 0x2501, 0x2501, 0x2501, 0x2501, 0x0501, 0x6A1A, 0xCB2A, 0x492A, 
    0xC711, 0x4609, 0x4609, 0x4912, 0x99B6, 0x7BDF, 0x5ADF, 0x5ADF, 0x7AE7, 0xD9C6, 0xB88D, 0x9885, 
    0x5BD7, 0x76CE, 0xFFFF, 0xFFFF, 0xFFFF, 0xFFFF, 0xFFFF, 0xFFFF, 0xFFFF, 0xFFFF, 0xFFFF, 0xFFFF, 
    0xFFFF, 0xFFFF, 0xFFFF, 0xFFFF, 0xFFFF, 0xFFFF, 0xFFFF, 0xFFFF, 0xFFFF, 0xFFFF, 0xFFFF, 0xFFFF, 
    0xFFFF, 0xFFFF, 0xFFFF, 0xFFFF, 0xFFFF, 0xFFFF, 0xFFFF, 0xFFFF, 0xFFFF, 0xFFFF, 0xFFFF, 0xFFFF, 
    0xFFFF, 0xFFFF, 0xFFFF, 0xFFFF, 0xFFFF, 0xFFFF, 0xFFFF, 0xFFFF, 0xFFFF, 0xFFFF, 0xFFFF, 0xFFFF, 
    0xFFFF, 0xFFFF, 0xFFFF, 0xFFFF, 0xFFFF, 0xFFFF, 0xFFFF, 0xFFFF, 0xFFFF, 0xFFFF, 0xC218, 0x94B5, 
    0x19D7, 0xFBC6, 0x9885, 0xBAB6, 0x1ACF, 0x3ADF, 0xFAC6, 0x79AE, 0xD98D, 0x587D, 0x1AC7, 0xBABE, 
    0x7AAE, 0xDABE, 0x5BDF, 0x9BEF, 0x9AEF, 0x16E7, 0xF5E6, 0xF6D6, 0x1AC7, 0x7154, 0xCC22, 0x4A12, 
    0x2D2B, 0x7575, 0x789E, 0x7585, 0x8A1A, 0x2501, 0xC400, 0x0501, 0x0501, 0x0501, 0x2501, 0x2601, 
    0x8709, 0x8711, 0x6611, 0x4609, 0xA400, 0x0822, 0xD68D, 0xF9CE, 0x5ADF, 0x5ADF, 0x5ADF, 0x3AD7, 
    0x9AB6, 0xB88D, 0x5BDF, 0x0E7C, 0x6529, 0xFFFF, 0xFFFF, 0xFFFF, 0xFFFF, 0xFFFF, 0xFFFF, 0xFFFF, 
    0xFFFF, 0xFFFF, 0xFFFF, 0xFFFF, 0xFFFF, 0xFFFF, 0xFFFF, 0xFFFF, 0xFFFF, 0xFFFF, 0xFFFF, 0xFFFF, 
    0xFFFF, 0xFFFF, 0xFFFF, 0xFFFF, 0xFFFF, 0xFFFF, 0xFFFF, 0xFFFF, 0xFFFF, 0xFFFF, 0xFFFF, 0xFFFF, 
    0xFFFF, 0xFFFF, 0xFFFF, 0xFFFF, 0xFFFF, 0xFFFF, 0xFFFF, 0xFFFF, 0xFFFF, 0xFFFF, 0xFFFF, 0xFFFF, 
    0xFFFF, 0xFFFF, 0xFFFF, 0xFFFF, 0xFFFF, 0xFFFF, 0xFFFF, 0xFFFF, 0xFFFF, 0xFFFF, 0xFFFF, 0xFFFF, 
    0xFFFF, 0x2421, 0xFBFF, 0x3BD7, 0x199E, 0xF76C, 0xBAB6, 0x3AD7, 0x3AD7, 0x9AAE, 0xF995, 0x587D, 
    0xF76C, 0xDABE, 0x79AE, 0x7AAE, 0x5BD7, 0x9BEF, 0x9AF7, 0x79EF, 0xF5DE, 0x15E7, 0x17DF, 0xFAC6, 
    0x9154, 0x0C23, 0x2912, 0xE809, 0x7154, 0x5896, 0x78A6, 0x304C, 0x2C43, 0x492A, 0x6609, 0x4609, 
    0x4609, 0x2509, 0x2501, 0x2501, 0x2501, 0x2501, 0x2509, 0x6609, 0x6D4B, 0x5BCF, 0x3AD7, 0x5ADF, 
    0x5ADF, 0x5ADF, 0xFAC6, 0x5AA6, 0xB88D, 0xFBFF, 0x0A63, 0xFFFF, 0xFFFF, 0xFFFF, 0xFFFF, 0xFFFF, 
    0xFFFF, 0xFFFF, 0xFFFF, 0xFFFF, 0xFFFF, 0xFFFF, 0xFFFF, 0xFFFF, 0xFFFF, 0xFFFF, 0xFFFF, 0xFFFF, 
    0xFFFF, 0xFFFF, 0xFFFF, 0xFFFF, 0xFFFF, 0xFFFF, 0xFFFF, 0xFFFF, 0xFFFF, 0xFFFF, 0xFFFF, 0xFFFF, 
    0xFFFF, 0xFFFF, 0xFFFF, 0xFFFF, 0xFFFF, 0xFFFF, 0xFFFF, 0xFFFF, 0xFFFF, 0xFFFF, 0xFFFF, 0xFFFF, 
    0xFFFF, 0xFFFF, 0xFFFF, 0xFFFF, 0xFFFF, 0xFFFF, 0xFFFF, 0xFFFF, 0xFFFF, 0xFFFF, 0xFFFF, 0xFFFF, 
    0xFFFF, 0xFFFF, 0xFFFF, 0xFFFF, 0x8210, 0x99F7, 0xF8A5, 0xD764, 0x1775, 0xFACE, 0x3BD7, 0xBAB6, 
    0xD98D, 0x3875, 0xD76C, 0x176D, 0xB88D, 0x59A6, 0xFAC6, 0xBAF7, 0xBBF7, 0x78EF, 0xF5DE, 0xF5DE, 
    0x78EF, 0x9BEF, 0x3BCF, 0x914C, 0x0C23, 0x2912, 0x6A1A, 0x090A, 0x4D2B, 0xB57D, 0x1ABF, 0x9CCF, 
    0xF68D, 0x6A12, 0xE809, 0x6601, 0x2501, 0x2501, 0x2509, 0x2509, 0x2509, 0xC400, 0x4D2B, 0xB57D, 
    0x5ADF, 0x39DF, 0x5ADF, 0x5ADF, 0x7AE7, 0x59AE, 0xB98D, 0xB88D, 0xFCFF, 0x0A63, 0xFFFF, 0xFFFF, 
    0xFFFF, 0xFFFF, 0xFFFF, 0xFFFF, 0xFFFF, 0xFFFF, 0xFFFF, 0xFFFF, 0xFFFF, 0xFFFF, 0xFFFF, 0xFFFF, 
    0xFFFF, 0xFFFF, 0xFFFF, 0xFFFF, 0xFFFF, 0xFFFF, 0xFFFF, 0xFFFF, 0xFFFF, 0xFFFF, 0xFFFF, 0xFFFF, 
    0xFFFF, 0xFFFF, 0xFFFF, 0xFFFF, 0xFFFF, 0xFFFF, 0xFFFF, 0xFFFF, 0xFFFF, 0xFFFF, 0xFFFF, 0xFFFF, 
    0xFFFF, 0xFFFF, 0xFFFF, 0xFFFF, 0xFFFF, 0xFFFF, 0xFFFF, 0xFFFF, 0xFFFF, 0xFFFF, 0xFFFF, 0xFFFF, 
    0xFFFF, 0xFFFF, 0xFFFF, 0xFFFF, 0xFFFF, 0xFFFF, 0x8952, 0xB4B5, 0x19CF, 0xB88D, 0x176D, 0xB88D, 
    0x1BD7, 0xFAC6, 0x399E, 0x1996, 0x587D, 0xF76C, 0x1775, 0x59A6, 0xFAC6, 0x7AE7, 0x9AF7, 0x57EF, 
    0x16E7, 0xF5E6, 0xF5DE, 0x99F7, 0xF8DE, 0xD194, 0x57BE, 0x5064, 0xE801, 0x4A12, 0x2912, 0x6A1A, 
    0x6D3B, 0x3475, 0x589E, 0x98AE, 0xB695, 0xD695, 0x1054, 0x290A, 0x8701, 0x4601, 0x6601, 0xE811, 
    0xCF43, 0xB58D, 0xF9CE, 0x9AEF, 0x5ADF, 0x5ADF, 0x3ADF, 0x1ACF, 0x399E, 0xB98D, 0xF995, 0x1BCF, 
    0x77C6, 0x2E84, 0xFFFF, 0xFFFF, 0xFFFF, 0xFFFF, 0xFFFF, 0xFFFF, 0xFFFF, 0xFFFF, 0xFFFF, 0xFFFF, 
    0xFFFF, 0xFFFF, 0xFFFF, 0xFFFF, 0xFFFF, 0xFFFF, 0xFFFF, 0xFFFF, 0xFFFF, 0xFFFF, 0xFFFF, 0xFFFF, 
    0xFFFF, 0xFFFF, 0xFFFF, 0xFFFF, 0xFFFF, 0xFFFF, 0xFFFF, 0xFFFF, 0xFFFF, 0xFFFF, 0xFFFF, 0xFFFF, 
    0xFFFF, 0xFFFF, 0xFFFF, 0xFFFF, 0xFFFF, 0xFFFF, 0xFFFF, 0xFFFF, 0xFFFF, 0xFFFF, 0xFFFF, 0xFFFF, 
    0xFFFF, 0xFFFF, 0xFFFF, 0xFFFF, 0xFFFF, 0xFFFF, 0xFFFF, 0xFFFF, 0xFFFF, 0xEE7B, 0xFDFF, 0xD9BE, 
    0x9885, 0x3875, 0x59A6, 0xDAC6, 0x9AB6, 0xD98D, 0x1996, 0x7885, 0x587D, 0x988D, 0xFAC6, 0x7AE7, 
    0xBAF7, 0x79EF, 0x15E7, 0xF4DE, 0xF5E6, 0xD4DE, 0xB9F7, 0x97D6, 0x6C73, 0xB8E6, 0x3395, 0x8A1A, 
    0x4A1A, 0x2912, 0x0912, 0x2912, 0x304C, 0x957D, 0x99A6, 0xFABE, 0x9CD7, 0xD685, 0x8E33, 0xCB2A, 
    0x8A2A, 0xAB2A, 0x4D3B, 0xB485, 0xF8CE, 0x9AF7, 0x9AF7, 0x7AE7, 0x5ADF, 0x3AD7, 0xDABE, 0x399E, 
    0xD98D, 0xF995, 0x7AAE, 0xBCE7, 0x97D6, 0xE318, 0xFFFF, 0xFFFF, 0xFFFF, 0xFFFF, 0xFFFF, 0xFFFF, 
    0xFFFF, 0xFFFF, 0xFFFF, 0xFFFF, 0xFFFF, 0xFFFF, 0xFFFF, 0xFFFF, 0xFFFF, 0xFFFF, 0xFFFF, 0xFFFF, 
    0xFFFF, 0xFFFF, 0xFFFF, 0xFFFF, 0xFFFF, 0xFFFF, 0xFFFF, 0xFFFF, 0xFFFF, 0xFFFF, 0xFFFF, 0xFFFF, 
    0xFFFF, 0xFFFF, 0xFFFF, 0xFFFF, 0xFFFF, 0xFFFF, 0xFFFF, 0xFFFF, 0xFFFF, 0xFFFF, 0xFFFF, 0xFFFF, 
    0xFFFF, 0xFFFF, 0xFFFF, 0xFFFF, 0xFFFF, 0xFFFF, 0xFFFF, 0xFFFF, 0xFFFF, 0xFFFF, 0xFFFF, 0xFFFF, 
    0xAD73, 0xFCFF, 0xDABE, 0x587D, 0x7885, 0x3AD7, 0x3775, 0x587D, 0xF995, 0xF995, 0xF995, 0x59A6, 
    0x1BC7, 0x9BEF, 0xBBF7, 0x79EF, 0xF4DE, 0xF5DE, 0x15E7, 0xF5E6, 0x10CE, 0x58EF, 0xB8D6, 0xAD73, 
    0xAD73, 0xB4BD, 0xD8D6, 0xA701, 0x090A, 0x2912, 0x4A1A, 0xCF3B, 0x303C, 0x5144, 0xB254, 0xFABE, 
    0x5BCF, 0x3BC7, 0x5BC7, 0x1ABF, 0x1ABF, 0x3AC7, 0xD5DE, 0xF5DE, 0x15E7, 0x16E7, 0xBAF7, 0x9AEF, 
    0x19D7, 0xDABE, 0x399E, 0xD98D, 0xF995, 0xB88D, 0xB9BE, 0x9AEF, 0x9AF7, 0x8531, 0xFFFF, 0xFFFF, 
    0xFFFF, 0xFFFF, 0xFFFF, 0xFFFF, 0xFFFF, 0xFFFF, 0xFFFF, 0xFFFF, 0xFFFF, 0xFFFF, 0xFFFF, 0xFFFF, 
    0xFFFF, 0xFFFF, 0xFFFF, 0xFFFF, 0xFFFF, 0xFFFF, 0xFFFF, 0xFFFF, 0xFFFF, 0xFFFF, 0xFFFF, 0xFFFF, 
    0xFFFF, 0xFFFF, 0xFFFF, 0xFFFF, 0xFFFF, 0xFFFF, 0xFFFF, 0xFFFF, 0xFFFF, 0xFFFF, 0xFFFF, 0xFFFF, 
    0xFFFF, 0xFFFF, 0xFFFF, 0xFFFF, 0xFFFF, 0xFFFF, 0xFFFF, 0xFFFF, 0xFFFF, 0xFFFF, 0xFFFF, 0xFFFF, 
    0xFFFF, 0xFFFF, 0xFFFF, 0xAD7B, 0xFCFF, 0xBABE, 0x39A6, 0x59A6, 0x3ACF, 0x9885, 0xF995, 0x9AAE, 
    0x9AAE, 0x9AB6, 0xFAC6, 0x7BE7, 0xBBF7, 0x79EF, 0x37E7, 0xF5DE, 0xF5E6, 0xB3DE, 0x71D6, 0x0FCE, 
    0x57EF, 0xF8DE, 0xF2A4, 0xEE83, 0x0E84, 0xB094, 0xD18C, 0xCB32, 0xC809, 0x2912, 0xEC22, 0x0C23, 
    0x8E33, 0xB254, 0x757D, 0x757D, 0x757D, 0x5475, 0xB8BE, 0x77C6, 0x539D, 0x58EF, 0x36E7, 0xF5E6, 
    0x15E7, 0x37EF, 0x78EF, 0x7AEF, 0x7BE7, 0xDAC6, 0x399E, 0xD98D, 0xD98D, 0xD895, 0x79B6, 0xFBFF, 
    0x6529, 0xFFFF, 0xFFFF, 0xFFFF, 0xFFFF, 0xFFFF, 0xFFFF, 0xFFFF, 0xFFFF, 0xFFFF, 0xFFFF, 0xFFFF, 
    0xFFFF, 0xFFFF, 0xFFFF, 0xFFFF, 0xFFFF, 0xFFFF, 0xFFFF, 0xFFFF, 0xFFFF, 0xFFFF, 0xFFFF, 0xFFFF, 
    0xFFFF, 0xFFFF, 0xFFFF, 0xFFFF, 0xFFFF, 0xFFFF, 0xFFFF, 0xFFFF, 0xFFFF, 0xFFFF, 0xFFFF, 0xFFFF, 
    0xFFFF, 0xFFFF, 0xFFFF, 0xFFFF, 0xFFFF, 0xFFFF, 0xFFFF, 0xFFFF, 0xFFFF, 0xFFFF, 0xFFFF, 0xFFFF, 
    0xFFFF, 0xFFFF, 0xFFFF, 0xFFFF, 0xFFFF, 0xFFFF, 0xAD73, 0xFCFF, 0xBABE, 0xFABE, 0x1AC7, 0x1ACF, 
    0x399E, 0x79AE, 0xFAC6, 0x1AC7, 0x1ACF, 0x7BE7, 0xBBFF, 0x9AF7, 0x37EF, 0xF5DE, 0xF5E6, 0xF5E6, 
    0x72D6, 0x0FCE, 0x0FCE, 0x36EF, 0x59EF, 0xF5C5, 0x2F8C, 0xCA5A, 0xA952, 0xD7E6, 0xAE5B, 0x291A, 
    0x8A22, 0x4A12, 0x090A, 0xEC22, 0x714C, 0xEF3B, 0xAF3B, 0xCF3B, 0xAF33, 0x97C6, 0xF5CD, 0xCD7B, 
    0x9AF7, 0x57EF, 0xF5E6, 0x15E7, 0xF4DE, 0x37EF, 0xBAF7, 0xBAFF, 0x5ADF, 0x9AB6, 0xD88D, 0xF995, 
    0x3875, 0x7885, 0xDBF7, 0x073A, 0xFFFF, 0xFFFF, 0xFFFF, 0xFFFF, 0xFFFF, 0xFFFF, 0xFFFF, 0xFFFF, 
    0xFFFF, 0xFFFF, 0xFFFF, 0xFFFF, 0xFFFF, 0xFFFF, 0xFFFF, 0xFFFF, 0xFFFF, 0xFFFF, 0xFFFF, 0xFFFF, 
    0xFFFF, 0xFFFF, 0xFFFF, 0xFFFF, 0xFFFF, 0xFFFF, 0xFFFF, 0xFFFF, 0xFFFF, 0xFFFF, 0xFFFF, 0xFFFF, 
    0xFFFF, 0xFFFF, 0xFFFF, 0xFFFF, 0xFFFF, 0xFFFF, 0xFFFF, 0xFFFF, 0xFFFF, 0xFFFF, 0xFFFF, 0xFFFF, 
    0xFFFF, 0xFFFF, 0xFFFF, 0xFFFF, 0xFFFF, 0xFFFF, 0xFFFF, 0xFFFF, 0xFFFF, 0x0E84, 0xFEFF, 0xBABE, 
    0xDABE, 0xDABE, 0xDABE, 0xBAB6, 0xBAB6, 0xDABE, 0x9AF7, 0x9BF7, 0xBBF7, 0x9AF7, 0xB4DE, 0xF5DE, 
    0x16E7, 0x15E7, 0x72D6, 0x30CE, 0x30CE, 0x30CE, 0xF4E6, 0xD7DE, 0x74B5, 0xCE7B, 0xEA5A, 0x684A, 
    0x684A, 0x93B5, 0x39EF, 0x77C6, 0x2912, 0x090A, 0x4A12, 0x6A1A, 0x4A1A, 0x2912, 0xAB22, 0x103C, 
    0x97C6, 0x35CE, 0x2F84, 0xDBFF, 0x57EF, 0xD4DE, 0xF5E6, 0xF5E6, 0x16E7, 0x36E7, 0x16E7, 0x79EF, 
    0x5ADF, 0x9AB6, 0x199E, 0x3875, 0x577D, 0xDAC6, 0x9BEF, 0xED7B, 0xFFFF, 0xFFFF, 0xFFFF, 0xFFFF, 
    0xFFFF, 0xFFFF, 0xFFFF, 0xFFFF, 0xFFFF, 0xFFFF, 0xFFFF, 0xFFFF, 0xFFFF, 0xFFFF, 0xFFFF, 0xFFFF, 
    0xFFFF, 0xFFFF, 0xFFFF, 0xFFFF, 0xFFFF, 0xFFFF, 0xFFFF, 0xFFFF, 0xFFFF, 0xFFFF, 0xFFFF, 0xFFFF, 
    0xFFFF, 0xFFFF, 0xFFFF, 0xFFFF, 0xFFFF, 0xFFFF, 0xFFFF, 0xFFFF, 0xFFFF, 0xFFFF, 0xFFFF, 0xFFFF, 
    0xFFFF, 0xFFFF, 0xFFFF, 0xFFFF, 0xFFFF, 0xFFFF, 0xFFFF, 0xFFFF, 0xFFFF, 0xFFFF, 0xFFFF, 0xFFFF, 
    0x0742, 0xF29C, 0x5BDF, 0x1ACF, 0xDABE, 0xDABE, 0x3AD7, 0x3AD7, 0x39D7, 0x57EF, 0x57EF, 0x78F7, 
    0x9AF7, 0x72D6, 0xD4DE, 0x16E7, 0xF5E6, 0x51CE, 0x30CE, 0x30CE, 0x30CE, 0x92D6, 0xB4D6, 0x76D6, 
    0xF2A4, 0xCD7B, 0xC95A, 0x4842, 0x2E8C, 0x32AD, 0x11A5, 0x7074, 0x8E43, 0xAC1A, 0x0912, 0x0912, 
    0xE911, 0x6A1A, 0xF03B, 0x97C6, 0x36CE, 0xEE7B, 0xD4BD, 0xD6DE, 0x56EF, 0xF5E6, 0x16E7, 0xD4DE, 
    0x93DE, 0x92D6, 0x16E7, 0x79EF, 0x3BD7, 0x7AAE, 0xF995, 0x199E, 0xDABE, 0xFCFF, 0x4E8C, 0xFFFF, 
    0xFFFF, 0xFFFF, 0xFFFF, 0xFFFF, 0xFFFF, 0xFFFF, 0xFFFF, 0xFFFF, 0xFFFF, 0xFFFF, 0xFFFF, 0xFFFF, 
    0xFFFF, 0xFFFF, 0xFFFF, 0xFFFF, 0xFFFF, 0xFFFF, 0xFFFF, 0xFFFF, 0xFFFF, 0xFFFF, 0xFFFF, 0xFFFF, 
    0xFFFF, 0xFFFF, 0xFFFF, 0xFFFF, 0xFFFF, 0xFFFF, 0xFFFF, 0xFFFF, 0xFFFF, 0xFFFF, 0xFFFF, 0xFFFF, 
    0xFFFF, 0xFFFF, 0xFFFF, 0xFFFF, 0xFFFF, 0xFFFF, 0xFFFF, 0xFFFF, 0xFFFF, 0xFFFF, 0xFFFF, 0xFFFF, 
    0xFFFF, 0xFFFF, 0xFFFF, 0xFFFF, 0xE318, 0xDBFF, 0x3BD7, 0xDABE, 0xFAC6, 0x9AF7, 0xBAFF, 0x99F7, 
    0xF4DE, 0xD4DE, 0x37EF, 0x9AF7, 0x10CE, 0xB3DE, 0x15E7, 0x15E7, 0x51D6, 0x30CE, 0x30CE, 0x30CE, 
    0x0FCE, 0x92D6, 0xBAF7, 0x57CE, 0xF19C, 0x4B6B, 0x8952, 0x684A, 0x2742, 0xE95A, 0x19F7, 0x3385, 
    0x2D23, 0xE811, 0x2912, 0x2912, 0xAB22, 0x1044, 0x97C6, 0x35CE, 0xAD73, 0x6C73, 0x56CE, 0xBAFF, 
    0xF5DE, 0x16E7, 0x93DE, 0x0FCE, 0x0FCE, 0xB3DE, 0x57EF, 0xBAF7, 0xFAC6, 0xFAC6, 0x1BC7, 0xDABE, 
    0xFCFF, 0x2E84, 0xFFFF, 0xFFFF, 0xFFFF, 0xFFFF, 0xFFFF, 0xFFFF, 0xFFFF, 0xFFFF, 0xFFFF, 0xFFFF, 
    0xFFFF, 0xFFFF, 0xFFFF, 0xFFFF, 0xFFFF, 0xFFFF, 0xFFFF, 0xFFFF, 0xFFFF, 0xFFFF, 0xFFFF, 0xFFFF, 
    0xFFFF, 0xFFFF, 0xFFFF, 0xFFFF, 0xFFFF, 0xFFFF, 0xFFFF, 0xFFFF, 0xFFFF, 0xFFFF, 0xFFFF, 0xFFFF, 
    0xFFFF, 0xFFFF, 0xFFFF, 0xFFFF, 0xFFFF, 0xFFFF, 0xFFFF, 0xFFFF, 0xFFFF, 0xFFFF, 0xFFFF, 0xFFFF, 
    0xFFFF, 0xFFFF, 0xFFFF, 0xFFFF, 0xFFFF, 0xFFFF, 0xFFFF, 0xE318, 0xBBF7, 0x9BF7, 0x9BEF, 0xBBEF, 
    0x57EF, 0x36E7, 0x36E7, 0x15E7, 0x50CE, 0xD4DE, 0xBAF7, 0x30CE, 0xB3DE, 0xF4E6, 0x51CE, 0x30CE, 
    0x30CE, 0x30CE, 0x30CE, 0x0FCE, 0xB3DE, 0xBAF7, 0x16CE, 0x9094, 0x6C6B, 0x8D73, 0xAD7B, 0x4B6B, 
    0xA952, 0x0A63, 0x2F84, 0xD294, 0x918C, 0x4D33, 0xCC12, 0x2D23, 0xF033, 0x97C6, 0x93BD, 0x484A, 
    0x8952, 0x56CE, 0xFBFF, 0xD5DE, 0xF5E6, 0x92D6, 0x30CE, 0x30CE, 0x51CE, 0x92D6, 0x16E7, 0x9AEF, 
    0x3BD7, 0xDABE, 0xBABE, 0xFDFF, 0x4F8C, 0xFFFF, 0xFFFF, 0xFFFF, 0xFFFF, 0xFFFF, 0xFFFF, 0xFFFF, 
    0xFFFF, 0xFFFF, 0xFFFF, 0xFFFF, 0xFFFF, 0xFFFF, 0xFFFF, 0xFFFF, 0xFFFF, 0xFFFF, 0xFFFF, 0xFFFF, 
    0xFFFF, 0xFFFF, 0xFFFF, 0xFFFF, 0xFFFF, 0xFFFF, 0xFFFF, 0xFFFF, 0xFFFF, 0xFFFF, 0xFFFF, 0xFFFF, 
    0xFFFF, 0xFFFF, 0xFFFF, 0xFFFF, 0xFFFF, 0xFFFF, 0xFFFF, 0xFFFF, 0xFFFF, 0xFFFF, 0xFFFF, 0xFFFF, 
    0xFFFF, 0xFFFF, 0xFFFF, 0xFFFF, 0xFFFF, 0xFFFF, 0xE318, 0x8952, 0x6852, 0x684A, 0x2B6B, 0x79EF, 
    0x79F7, 0x58EF, 0x37EF, 0xD4DE, 0xB3DE, 0xD4DE, 0x15E7, 0x71D6, 0xD5DE, 0xBAF7, 0x30CE, 0x92D6, 
    0xB3DE, 0x0FCE, 0x30CE, 0x30CE, 0x30CE, 0x30CE, 0x30CE, 0x92D6, 0x36E7, 0x97DE, 0x53AD, 0xEE83, 
    0xCD7B, 0xCD7B, 0x8C73, 0xC95A, 0x474A, 0x8C73, 0x7094, 0x6F94, 0x0C43, 0xCE4B, 0xB26C, 0x1375, 
    0xD8D6, 0xB3BD, 0xC95A, 0x884A, 0x32AD, 0xF8E6, 0x36E7, 0x37EF, 0xB3DE, 0x30CE, 0x30CE, 0x30CE, 
    0x50CE, 0xD4DE, 0x79F7, 0x5AE7, 0x1BD7, 0x1ACF, 0xFDFF, 0x4F8C, 0xFFFF, 0xFFFF, 0xFFFF, 0xFFFF, 
    0xFFFF, 0xFFFF, 0xFFFF, 0xFFFF, 0xFFFF, 0xFFFF, 0xFFFF, 0xFFFF, 0xFFFF, 0xFFFF, 0xFFFF, 0xFFFF, 
    0xFFFF, 0xFFFF, 0xFFFF, 0xFFFF, 0xFFFF, 0xFFFF, 0xFFFF, 0xFFFF, 0xFFFF, 0xFFFF, 0xFFFF, 0xFFFF, 
    0xFFFF, 0xFFFF, 0xFFFF, 0xFFFF, 0xFFFF, 0xFFFF, 0xFFFF, 0xFFFF, 0xFFFF, 0xFFFF, 0xFFFF, 0xFFFF, 
    0xFFFF, 0xFFFF, 0xFFFF, 0xFFFF, 0xFFFF, 0xFFFF, 0xFFFF, 0xFFFF, 0xFFFF, 0x6952, 0xFEFF, 0xFCFF, 
    0xFCFF, 0xFAFF, 0xD4DE, 0xF5DE, 0xB3D6, 0x0FC6, 0x0FC6, 0x0FC6, 0x51CE, 0x15E7, 0xF5E6, 0x57EF, 
    0x9AF7, 0x51CE, 0x10CE, 0x30CE, 0x30CE, 0x30CE, 0x30CE, 0x30CE, 0x30CE, 0x50CE, 0x30CE, 0x0FCE, 
    0x99F7, 0x97D6, 0xB19C, 0xCD7B, 0xCD7B, 0xCD7B, 0x8C73, 0x8952, 0x684A, 0x684A, 0x884A, 0x474A, 
    0x11AD, 0x59F7, 0x19EF, 0x39EF, 0xF5C5, 0xCE7B, 0xC95A, 0x0B63, 0xD19C, 0xDAFF, 0xBAFF, 0x16E7, 
    0x10CE, 0x30CE, 0x30CE, 0x30CE, 0x51CE, 0xF5DE, 0x78EF, 0xBAFF, 0x9AF7, 0xFCFF, 0x0E84, 0xFFFF, 
    0xFFFF, 0xFFFF, 0xFFFF, 0xFFFF, 0xFFFF, 0xFFFF, 0xFFFF, 0xFFFF, 0xFFFF, 0xFFFF, 0xFFFF, 0xFFFF, 
    0xFFFF, 0xFFFF, 0xFFFF, 0xFFFF, 0xFFFF, 0xFFFF, 0xFFFF, 0xFFFF, 0xFFFF, 0xFFFF, 0xFFFF, 0xFFFF, 
    0xFFFF, 0xFFFF, 0xFFFF, 0xFFFF, 0xFFFF, 0xFFFF, 0xFFFF, 0xFFFF, 0xFFFF, 0xFFFF, 0xFFFF, 0xFFFF, 
    0xFFFF, 0xFFFF, 0xFFFF, 0xFFFF, 0xFFFF, 0xFFFF, 0xFFFF, 0xFFFF, 0xFFFF, 0xFFFF, 0xFFFF, 0x708C, 
    0x95D6, 0x16E7, 0x93D6, 0x72D6, 0x72D6, 0x51D6, 0x50CE, 0x50CE, 0x10CE, 0x16E7, 0x78EF, 0x58EF, 
    0x16E7, 0xF5DE, 0x57EF, 0x9AF7, 0x50CE, 0x30CE, 0x30CE, 0x30CE, 0x30CE, 0x30CE, 0x30CE, 0x2FCE, 
    0x30CE, 0x30CE, 0x30CE, 0x72D6, 0xF6E6, 0xB8D6, 0xEE83, 0x2A63, 0xC95A, 0xC95A, 0x8852, 0xA952, 
    0x8852, 0x8852, 0x8D73, 0xF5C5, 0x19E7, 0x74B5, 0x53B5, 0xD5C5, 0x56CE, 0x8C73, 0x4B6B, 0xD09C, 
    0xDAFF, 0xBAF7, 0x16E7, 0x0FCE, 0x30CE, 0x30CE, 0x30CE, 0x30CE, 0x51CE, 0xB3DE, 0x57EF, 0x9AF7, 
    0xBAF7, 0xF8DE, 0x32A5, 0xFFFF, 0xFFFF, 0xFFFF, 0xFFFF, 0xFFFF, 0xFFFF, 0xFFFF, 0xFFFF, 0xFFFF, 
    0xFFFF, 0xFFFF, 0xFFFF, 0xFFFF, 0xFFFF, 0xFFFF, 0xFFFF, 0xFFFF, 0xFFFF, 0xFFFF, 0xFFFF, 0xFFFF, 
    0xFFFF, 0xFFFF, 0xFFFF, 0xFFFF, 0xFFFF, 0xFFFF, 0xFFFF, 0xFFFF, 0xFFFF, 0xFFFF, 0xFFFF, 0xFFFF, 
    0xFFFF, 0xFFFF, 0xFFFF, 0xFFFF, 0xFFFF, 0xFFFF, 0xFFFF, 0xFFFF, 0xFFFF, 0xFFFF, 0xFFFF, 0xFFFF, 
    0xFFFF, 0x0742, 0x96D6, 0xD8FF, 0xD4DE, 0x72D6, 0x51D6, 0x51D6, 0x30CE, 0x71D6, 0x72D6, 0x92D6, 
    0x57EF, 0x99F7, 0x58EF, 0xD4DE, 0xF5DE, 0x58EF, 0x9AF7, 0x51CE, 0x30CE, 0x30CE, 0x30CE, 0x50CE, 
    0x30CE, 0x50CE, 0x92D6, 0x93D6, 0x72D6, 0x30CE, 0x0FC6, 0x15E7, 0x39EF, 0x0E84, 0x0A63, 0x8852, 
    0xA952, 0xA95A, 0xA952, 0xA95A, 0x0A63, 0xD1A4, 0x16CE, 0x56CE, 0x9094, 0x7094, 0x53AD, 0x97DE, 
    0xB19C, 0xAD7B, 0xD09C, 0xDAFF, 0xBBF7, 0x16E7, 0x30CE, 0x30CE, 0x92D6, 0xB3DE, 0xB3DE, 0x92D6, 
    0x92D6, 0xF4E6, 0x99F7, 0x79EF, 0xD9FF, 0x58EF, 0x684A, 0xC218, 0xFFFF, 0xFFFF, 0xFFFF, 0xFFFF, 
    0xFFFF, 0xFFFF, 0xFFFF, 0xFFFF, 0xFFFF, 0xFFFF, 0xFFFF, 0xFFFF, 0xFFFF, 0xFFFF, 0xFFFF, 0xFFFF, 
    0xFFFF, 0xFFFF, 0xFFFF, 0xFFFF, 0xFFFF, 0xFFFF, 0xFFFF, 0xFFFF, 0xFFFF, 0xFFFF, 0xFFFF, 0xFFFF, 
    0xFFFF, 0xFFFF, 0xFFFF, 0xFFFF, 0xFFFF, 0xFFFF, 0xFFFF, 0xFFFF, 0xFFFF, 0xFFFF, 0xFFFF, 0xFFFF, 
    0xFFFF, 0xFFFF, 0xFFFF, 0xA531, 0xFCFF, 0x15E7, 0xD4DE, 0x15E7, 0x15E7, 0x36E7, 0xF5E6, 0x10C6, 
    0x78EF, 0xFCFF, 0xBAFF, 0x15E7, 0xF4E6, 0xD3DE, 0x0FCE, 0xD4DE, 0x58EF, 0x9AF7, 0x51CE, 0x30CE, 
    0x30CE, 0x30CE, 0x30CE, 0x0FC6, 0x30CE, 0xB9F7, 0xDBFF, 0x57EF, 0x0FC6, 0x30CE, 0xD3DE, 0xB5D6, 
    0xAD7B, 0xEA5A, 0xA952, 0xA952, 0xC95A, 0xA852, 0x0A63, 0xEE83, 0xF8E6, 0xF5C5, 0x5094, 0xAD73, 
    0x8C73, 0xEE83, 0xF2A4, 0x18EF, 0xB09C, 0x9094, 0xFBFF, 0xBBFF, 0x16E7, 0x30CE, 0x10CE, 0x58EF, 
    0xDBFF, 0xBAF7, 0xDBFF, 0xB3DE, 0x30CE, 0xDAFF, 0x15E7, 0xD4DE, 0xD5DE, 0xFEFF, 0xA952, 0xFFFF, 
    0xFFFF, 0xFFFF, 0xFFFF, 0xFFFF, 0xFFFF, 0xFFFF, 0xFFFF, 0xFFFF, 0xFFFF, 0xFFFF, 0xFFFF, 0xFFFF, 
    0xFFFF, 0xFFFF, 0xFFFF, 0xFFFF, 0xFFFF, 0xFFFF, 0xFFFF, 0xFFFF, 0xFFFF, 0xFFFF, 0xFFFF, 0xFFFF, 
    0xFFFF, 0xFFFF, 0xFFFF, 0xFFFF, 0xFFFF, 0xFFFF, 0xFFFF, 0xFFFF, 0xFFFF, 0xFFFF, 0xFFFF, 0xFFFF, 
    0xFFFF, 0xFFFF, 0xFFFF, 0xFFFF, 0xFFFF, 0xFFFF, 0x8531, 0xDBFF, 0x36E7, 0xD3DE, 0x71D6, 0x71D6, 
    0xB3DE, 0x36E7, 0x37EF, 0xD5DE, 0xB3DE, 0xB3DE, 0x71D6, 0x72D6, 0x71D6, 0x2FCE, 0xD3DE, 0x58EF, 
    0xBAF7, 0x51CE, 0x30CE, 0x30CE, 0x0FCE, 0xF5E6, 0x36E7, 0x36EF, 0x99F7, 0xBAF7, 0x99F7, 0x37E7, 
    0x51CE, 0x51CE, 0x72D6, 0x35CE, 0x4B6B, 0x474A, 0xA952, 0xA952, 0xEA5A, 0x2F8C, 0x56CE, 0xF5C5, 
    0x53B5, 0x9094, 0x8C73, 0x8C73, 0xAD7B, 0x2F8C, 0xD8E6, 0x36CE, 0x56CE, 0xDBFF, 0xDBFF, 0x16E7, 
    0x31CE, 0xD4DE, 0x78EF, 0xBAF7, 0xBAF7, 0xBAF7, 0x78EF, 0xF5E6, 0x92D6, 0x57EF, 0x57EF, 0xF5E6, 
    0x57EF, 0x35C6, 0x0E84, 0xFFFF, 0xFFFF, 0xFFFF, 0xFFFF, 0xFFFF, 0xFFFF, 0xFFFF, 0xFFFF, 0xFFFF, 
    0xFFFF, 0xFFFF, 0xFFFF, 0xFFFF, 0xFFFF, 0xFFFF, 0xFFFF, 0xFFFF, 0xFFFF, 0xFFFF, 0xFFFF, 0xFFFF, 
    0xFFFF, 0xFFFF, 0xFFFF, 0xFFFF, 0xFFFF, 0xFFFF, 0xFFFF, 0xFFFF, 0xFFFF, 0xFFFF, 0xFFFF, 0xFFFF, 
    0xFFFF, 0xFFFF, 0xFFFF, 0xFFFF, 0xFFFF, 0xFFFF, 0xFFFF, 0xFFFF, 0xFFFF, 0xA631, 0xDBFF, 0x36E7, 
    0x93D6, 0x10CE, 0x0FCE, 0x71D6, 0x15E7, 0xBBFF, 0xB4DE, 0x30CE, 0x0FCE, 0x10CE, 0x30CE, 0x2FCE, 
    0x2FCE, 0xD3DE, 0x57EF, 0xBAF7, 0x71D6, 0x51CE, 0x72D6, 0x72D6, 0x99F7, 0xDAFF, 0xBAF7, 0xBAF7, 
    0xBAF7, 0xBBF7, 0xDBFF, 0xB4DE, 0x30CE, 0x50CE, 0xB8F7, 0x8E94, 0xC95A, 0xA952, 0xA952, 0x8C73, 
    0x52AD, 0x39EF, 0xB5BD, 0x33AD, 0xB19C, 0xAD7B, 0x8C73, 0x8C73, 0xED7B, 0xD8E6, 0x18E7, 0x39EF, 
    0xBAF7, 0xDBFF, 0x16E7, 0x50CE, 0xF4DE, 0x78EF, 0x99F7, 0x99F7, 0x99F7, 0xBAF7, 0x78EF, 0x30CE, 
    0x78EF, 0x78EF, 0xF5E6, 0xD4DE, 0xFBFF, 0x76CE, 0xFFFF, 0xFFFF, 0xFFFF, 0xFFFF, 0xFFFF, 0xFFFF, 
    0xFFFF, 0xFFFF, 0xFFFF, 0xFFFF, 0xFFFF, 0xFFFF, 0xFFFF, 0xFFFF, 0xFFFF, 0xFFFF, 0xFFFF, 0xFFFF, 
    0xFFFF, 0xFFFF, 0xFFFF, 0xFFFF, 0xFFFF, 0xFFFF, 0xFFFF, 0xFFFF, 0xFFFF, 0xFFFF, 0xFFFF, 0xFFFF, 
    0xFFFF, 0xFFFF, 0xFFFF, 0xFFFF, 0xFFFF, 0xFFFF, 0xFFFF, 0xFFFF, 0xFFFF, 0xFFFF, 0xFFFF, 0xFFFF, 
    0x0421, 0xFBFF, 0x93D6, 0x30CE, 0x51CE, 0x30CE, 0x2FCE, 0x50CE, 0x15E7, 0x36E7, 0xD4DE, 0x10CE, 
    0x30CE, 0x30CE, 0x30CE, 0x30CE, 0xD3DE, 0x57EF, 0x9AF7, 0x30CE, 0xB3D6, 0x57EF, 0xDBFF, 0xBAF7, 
    0xBAF7, 0xBAF7, 0xBAF7, 0xBBF7, 0xBBF7, 0xBAF7, 0xDBFF, 0xF5E6, 0x0FCE, 0xEFC5, 0x98F7, 0xB3B5, 
    0x0742, 0xC95A, 0xB4BD, 0x19EF, 0xB5BD, 0x5AEF, 0xF5C5, 0x7094, 0xD2A4, 0xCD7B, 0x4B6B, 0xAD7B, 
    0x18E7, 0x77D6, 0x97D6, 0xFBFF, 0xDBFF, 0x16E7, 0x2FCE, 0x0FCE, 0x57EF, 0x99F7, 0xD4DE, 0xF4DE, 
    0x57EF, 0xBAF7, 0xDBFF, 0x37EF, 0x15E7, 0x16E7, 0xF5E6, 0xB9FF, 0xF5BD, 0xFFFF, 0xFFFF, 0xFFFF, 
    0xFFFF, 0xFFFF, 0xFFFF, 0xFFFF, 0xFFFF, 0xFFFF, 0xFFFF, 0xFFFF, 0xFFFF, 0xFFFF, 0xFFFF, 0xFFFF, 
    0xFFFF, 0xFFFF, 0xFFFF, 0xFFFF, 0xFFFF, 0xFFFF, 0xFFFF, 0xFFFF, 0xFFFF, 0xFFFF, 0xFFFF, 0xFFFF, 
    0xFFFF, 0xFFFF, 0xFFFF, 0xFFFF, 0xFFFF, 0xFFFF, 0xFFFF, 0xFFFF, 0xFFFF, 0xFFFF, 0xFFFF, 0xFFFF, 
    0xFFFF, 0xFFFF, 0x484A, 0x11A5, 0x57EF, 0x72D6, 0x30CE, 0x30CE, 0x30CE, 0x30CE, 0x30CE, 0x92D6, 
    0xF4DE, 0xD4DE, 0x93D6, 0x51CE, 0x30CE, 0x30CE, 0x30CE, 0xD3DE, 0x57EF, 0xBAF7, 0x16E7, 0x57EF, 
    0x79EF, 0x58EF, 0x58EF, 0x78EF, 0x58EF, 0x58EF, 0x58EF, 0x78EF, 0xBAF7, 0x78EF, 0xB3DE, 0x0FCE, 
    0x30CE, 0x36E7, 0x95D6, 0x31A5, 0xF1A4, 0xF5C5, 0xF5C5, 0xD19C, 0x15C6, 0x16CE, 0xB4BD, 0xD2A4, 
    0x5094, 0xB09C, 0x73B5, 0x36CE, 0x74B5, 0x94B5, 0xD8DE, 0x9AF7, 0x15E7, 0x0FC6, 0x30CE, 0xB3DE, 
    0x16E7, 0x57EF, 0x57EF, 0x57EF, 0x58EF, 0x78EF, 0x16E7, 0x15E7, 0x15E7, 0x72D6, 0x98F7, 0x15C6, 
    0xFFFF, 0xFFFF, 0xFFFF, 0xFFFF, 0xFFFF, 0xFFFF, 0xFFFF, 0xFFFF, 0xFFFF, 0xFFFF, 0xFFFF, 0xFFFF, 
    0xFFFF, 0xFFFF, 0xFFFF, 0xFFFF, 0xFFFF, 0xFFFF, 0xFFFF, 0xFFFF, 0xFFFF, 0xFFFF, 0xFFFF, 0xFFFF, 
    0xFFFF, 0xFFFF, 0xFFFF, 0xFFFF, 0xFFFF, 0xFFFF, 0xFFFF, 0xFFFF, 0xFFFF, 0xFFFF, 0xFFFF, 0xFFFF, 
    0xFFFF, 0xFFFF, 0xFFFF, 0xFFFF, 0xFFFF, 0xB094, 0xFCFF, 0xB4DE, 0x71D6, 0x30CE, 0x30CE, 0x30CE, 
    0x30CE, 0x30CE, 0x0FC6, 0xB3DE, 0x15E7, 0x15E7, 0x51CE, 0x30CE, 0x30CE, 0x30CE, 0xD4DE, 0x58EF, 
    0xBBF7, 0xBAF7, 0xDAF7, 0x78F7, 0xD4DE, 0xF5DE, 0xF5E6, 0xF5E6, 0xF5E6, 0xF4DE, 0x36E7, 0x99F7, 
    0xF4DE, 0x72D6, 0x30CE, 0x30CE, 0xB4DE, 0x57EF, 0xB9F7, 0xD8E6, 0xF6C5, 0xD19C, 0xCD7B, 0xB19C, 
    0x36CE, 0xD8DE, 0x12AD, 0xF2A4, 0xD5C5, 0x19EF, 0x74B5, 0x508C, 0x2F8C, 0x53AD, 0x59EF, 0x15E7, 
    0x0FCE, 0x30CE, 0xEEC5, 0x92D6, 0xBAF7, 0xBAF7, 0x58EF, 0xF5E6, 0x15E7, 0x15E7, 0x16E7, 0xF5E6, 
    0xEFC5, 0x56EF, 0x35C6, 0x8210, 0xFFFF, 0xFFFF, 0xFFFF, 0xFFFF, 0xFFFF, 0xFFFF, 0xFFFF, 0xFFFF, 
    0xFFFF, 0xFFFF, 0xFFFF, 0xFFFF, 0xFFFF, 0xFFFF, 0xFFFF, 0xFFFF, 0xFFFF, 0xFFFF, 0xFFFF, 0xFFFF, 
    0xFFFF, 0xFFFF, 0xFFFF, 0xFFFF, 0xFFFF, 0xFFFF, 0xFFFF, 0xFFFF, 0xFFFF, 0xFFFF, 0xFFFF, 0xFFFF, 
    0xFFFF, 0xFFFF, 0xFFFF, 0xFFFF, 0xFFFF, 0xFFFF, 0xFFFF, 0xFFFF, 0x4E8C, 0xFAFF, 0xD4DE, 0x51CE, 
    0x0FCE, 0x0FCE, 0x10CE, 0x10CE, 0x30CE, 0x30CE, 0x30CE, 0x92D6, 0x16E7, 0x51CE, 0x30CE, 0x30CE, 
    0x30CE, 0x30CE, 0xB3DE, 0x37E7, 0x15E7, 0x16E7, 0xD4DE, 0x30CE, 0x51CE, 0x51CE, 0x51CE, 0x51CE, 
    0xD4DE, 0x16E7, 0x15E7, 0x51D6, 0x30CE, 0x30CE, 0x30CE, 0x30CE, 0xB4DE, 0x38EF, 0x77D6, 0x53AD, 
    0xEE83, 0xC95A, 0xCD7B, 0xB19C, 0xD5C5, 0xF8E6, 0xF8E6, 0x97DE, 0xF5C5, 0xF8E6, 0x2E8C, 0xEA5A, 
    0x4F8C, 0x53AD, 0x97D6, 0x77F7, 0x30CE, 0x30CE, 0x30CE, 0x51D6, 0xF5E6, 0x99F7, 0xBAF7, 0xF5E6, 
    0xF5E6, 0x57EF, 0x78F7, 0x2FCE, 0x93D6, 0x16E7, 0x7AEF, 0x8531, 0xFFFF, 0xFFFF, 0xFFFF, 0xFFFF, 
    0xFFFF, 0xFFFF, 0xFFFF, 0xFFFF, 0xFFFF, 0xFFFF, 0xFFFF, 0xFFFF, 0xFFFF, 0xFFFF, 0xFFFF, 0xFFFF, 
    0xFFFF, 0xFFFF, 0xFFFF, 0xFFFF, 0xFFFF, 0xFFFF, 0xFFFF, 0xFFFF, 0xFFFF, 0xFFFF, 0xFFFF, 0xFFFF, 
    0xFFFF, 0xFFFF, 0xFFFF, 0xFFFF, 0xFFFF, 0xFFFF, 0xFFFF, 0xFFFF, 0xFFFF, 0xFFFF, 0xFFFF, 0x6F8C, 
    0xFAFF, 0xD4DE, 0x92D6, 0x71D6, 0x72D6, 0x72D6, 0x50CE, 0x0FCE, 0x30CE, 0x10CE, 0x92D6, 0x16E7, 
    0x93D6, 0x51D6, 0x30CE, 0x30CE, 0x30CE, 0x71D6, 0xB3DE, 0x92D6, 0xB3D6, 0x72D6, 0x30CE, 0x30CE, 
    0x30CE, 0x30CE, 0x72D6, 0xF5E6, 0xF5E6, 0x93D6, 0x30CE, 0x30CE, 0x30CE, 0x30CE, 0x30CE, 0x72D6, 
    0xD5DE, 0x38EF, 0xF19C, 0x0A63, 0x8952, 0x2A63, 0x2F8C, 0x94BD, 0x3AEF, 0xD8DE, 0xD5C5, 0xD19C, 
    0x18E7, 0x2E8C, 0xA952, 0xAD73, 0x7094, 0x36CE, 0xB9F7, 0x30CE, 0x30CE, 0x30CE, 0x30CE, 0x93D6, 
    0xF5E6, 0x37EF, 0x58EF, 0x15E7, 0x57EF, 0x99F7, 0x2FCE, 0x92D6, 0x16E7, 0xFBFF, 0xA631, 0xFFFF, 
    0xFFFF, 0xFFFF, 0xFFFF, 0xFFFF, 0xFFFF, 0xFFFF, 0xFFFF, 0xFFFF, 0xFFFF, 0xFFFF, 0xFFFF, 0xFFFF, 
    0xFFFF, 0xFFFF, 0xFFFF, 0xFFFF, 0xFFFF, 0xFFFF, 0xFFFF, 0xFFFF, 0xFFFF, 0xFFFF, 0xFFFF, 0xFFFF, 
    0xFFFF, 0xFFFF, 0xFFFF, 0xFFFF, 0xFFFF, 0xFFFF, 0xFFFF, 0xFFFF, 0xFFFF, 0xFFFF, 0xFFFF, 0xFFFF, 
    0xFFFF, 0xFFFF, 0x6F8C, 0xFBFF, 0xD4DE, 0xF5E6, 0x15E7, 0x15E7, 0x15E7, 0x92D6, 0x0FCE, 0x30CE, 
    0x30CE, 0x92D6, 0x16E7, 0x36E7, 0xB3DE, 0x30CE, 0x30CE, 0x30CE, 0x30CE, 0x2FCE, 0x30CE, 0x10CE, 
    0x30CE, 0x30CE, 0x30CE, 0x2FCE, 0x30CE, 0xF5E6, 0x36E7, 0xD4DE, 0x10CE, 0x30CE, 0x30CE, 0x30CE, 
    0x30CE, 0x30CE, 0x30CE, 0x30CE, 0xFAFF, 0x4F8C, 0x0742, 0xC95A, 0x8852, 0xAD7B, 0x53B5, 0x39EF, 
    0xF6C5, 0x7094, 0x2B6B, 0xF8E6, 0x4F8C, 0x8852, 0x0A63, 0xAD7B, 0xD5BD, 0xDAFF, 0x30CE, 0x30CE, 
    0x30CE, 0x30CE, 0x30CE, 0x0FC6, 0x72D6, 0xDBFF, 0x15E7, 0x57EF, 0x99F7, 0x2FCE, 0x92D6, 0x36E7, 
    0xDBFF, 0xA631, 0xFFFF, 0xFFFF, 0xFFFF, 0xFFFF, 0xFFFF, 0xFFFF, 0xFFFF, 0xFFFF, 0xFFFF, 0xFFFF, 
    0xFFFF, 0xFFFF, 0xFFFF, 0xFFFF, 0xFFFF, 0xFFFF, 0xFFFF, 0xFFFF, 0xFFFF, 0xFFFF, 0xFFFF, 0xFFFF, 
    0xFFFF, 0xFFFF, 0xFFFF, 0xFFFF, 0xFFFF, 0xFFFF, 0xFFFF, 0xFFFF, 0xFFFF, 0xFFFF, 0xFFFF, 0xFFFF, 
    0xFFFF, 0xFFFF, 0xFFFF, 0xFFFF, 0xB4B5, 0xF7E6, 0x16E7, 0xF5E6, 0xF5E6, 0xF5E6, 0xF5E6, 0x15E7, 
    0x72D6, 0x0FCE, 0x30CE, 0x30CE, 0x51CE, 0x72D6, 0x15E7, 0x93D6, 0x0FC6, 0x30CE, 0x30CE, 0x30CE, 
    0x30CE, 0x30CE, 0x30CE, 0x30CE, 0x30CE, 0x0FCE, 0x71D6, 0xD4DE, 0x99F7, 0xD4DE, 0x51CE, 0x30CE, 
    0x30CE, 0x30CE, 0x30CE, 0x30CE, 0x30CE, 0x30CE, 0x30CE, 0xF5E6, 0x17E7, 0x72B5, 0x8852, 0xA95A, 
    0xCD7B, 0x74B5, 0x39EF, 0x74B5, 0x2F8C, 0x4B6B, 0xED83, 0xB4BD, 0x73B5, 0xC95A, 0xCA5A, 0x52AD, 
    0xFBFF, 0xD5DE, 0x72D6, 0x30CE, 0x30CE, 0x30CE, 0x30CE, 0x50CE, 0x71D6, 0x57EF, 0xBAF7, 0x99F7, 
    0xB3DE, 0xD4DE, 0x16E7, 0xFBFF, 0xA631, 0xFFFF, 0xFFFF, 0xFFFF, 0xFFFF, 0xFFFF, 0xFFFF, 0xFFFF, 
    0xFFFF, 0xFFFF, 0xFFFF, 0xFFFF, 0xFFFF, 0xFFFF, 0xFFFF, 0xFFFF, 0xFFFF, 0xFFFF, 0xFFFF, 0xFFFF, 
    0xFFFF, 0xFFFF, 0xFFFF, 0xFFFF, 0xFFFF, 0xFFFF, 0xFFFF, 0xFFFF, 0xFFFF, 0xFFFF, 0xFFFF, 0xFFFF, 
    0xFFFF, 0xFFFF, 0xFFFF, 0xFFFF, 0xFFFF, 0xFFFF, 0xFFFF, 0x5AEF, 0xB9F7, 0xD4DE, 0xF5E6, 0xF5E6, 
    0xF5E6, 0xF5E6, 0x15E7, 0xB3DE, 0x51D6, 0x30CE, 0x30CE, 0x30CE, 0x30CE, 0xF5E6, 0xB3DE, 0x51CE, 
    0x30CE, 0x30CE, 0x30CE, 0x30CE, 0x30CE, 0x30CE, 0x30CE, 0x30CE, 0x51CE, 0xD4DE, 0x37EF, 0x58EF, 
    0x92D6, 0x0FCE, 0x30CE, 0x30CE, 0x30CE, 0x30CE, 0x30CE, 0x30CE, 0x30CE, 0x50CE, 0x92D6, 0xB8FF, 
    0x76CE, 0x8852, 0xC95A, 0x8C73, 0xF2A4, 0x39EF, 0xF2A4, 0xAD7B, 0x6B6B, 0x0A63, 0x15C6, 0x56D6, 
    0xC95A, 0x6852, 0xF1A4, 0xDAFF, 0x16E7, 0x92D6, 0x30CE, 0x30CE, 0x30CE, 0x30CE, 0x30CE, 0x0FCE, 
    0xF5E6, 0x99F7, 0xBAF7, 0x37E7, 0xF5E6, 0x16E7, 0xFBFF, 0xA631, 0xFFFF, 0xFFFF, 0xFFFF, 0xFFFF, 
    0xFFFF, 0xFFFF, 0xFFFF, 0xFFFF, 0xFFFF, 0xFFFF, 0xFFFF, 0xFFFF, 0xFFFF, 0xFFFF, 0xFFFF, 0xFFFF, 
    0xFFFF, 0xFFFF, 0xFFFF, 0xFFFF, 0xFFFF, 0xFFFF, 0xFFFF, 0xFFFF, 0xFFFF, 0xFFFF, 0xFFFF, 0xFFFF, 
    0xFFFF, 0xFFFF, 0xFFFF, 0xFFFF, 0xFFFF, 0xFFFF, 0xFFFF, 0xFFFF, 0xFFFF, 0xFFFF, 0xD8DE, 0x78F7, 
    0xF5DE, 0xF5E6, 0x15E7, 0x15E7, 0x15E7, 0xF5E6, 0x16E7, 0xF5DE, 0x30CE, 0x30CE, 0x30CE, 0x30CE, 
    0xD4DE, 0x15E7, 0xD4DE, 0x30CE, 0x30CE, 0x30CE, 0x30CE, 0x30CE, 0x30CE, 0x30CE, 0x30CE, 0xD4DE, 
    0x79F7, 0xBBFF, 0x31CE, 0x30CE, 0x30CE, 0x30CE, 0x30CE, 0x30CE, 0x30CE, 0x30CE, 0x30CE, 0x30CE, 
    0x30CE, 0xEFC5, 0x77EF, 0x55CE, 0x274A, 0xC95A, 0xC95A, 0xED83, 0x59EF, 0x2E84, 0x0A63, 0x8C73, 
    0x2B6B, 0x15C6, 0x35CE, 0x684A, 0x684A, 0x11A5, 0xFBFF, 0xF6E6, 0x92D6, 0x30CE, 0x30CE, 0x30CE, 
    0x30CE, 0x30CE, 0x30CE, 0x0FCE, 0xF5E6, 0xDBFF, 0xBBFF, 0x37EF, 0x16E7, 0xFCFF, 0xA631, 0xFFFF, 
    0xFFFF, 0xFFFF, 0xFFFF, 0xFFFF, 0xFFFF, 0xFFFF, 0xFFFF, 0xFFFF, 0xFFFF, 0xFFFF, 0xFFFF, 0xFFFF, 
    0xFFFF, 0xFFFF, 0xFFFF, 0xFFFF, 0xFFFF, 0xFFFF, 0xFFFF, 0xFFFF, 0xFFFF, 0xFFFF, 0xFFFF, 0xFFFF, 
    0xFFFF, 0xFFFF, 0xFFFF, 0xFFFF, 0xFFFF, 0xFFFF, 0xFFFF, 0xFFFF, 0xFFFF, 0xFFFF, 0xFFFF, 0xE639, 
    0x93B5, 0xD5DE, 0x16E7, 0xF5E6, 0x16E7, 0x93DE, 0x71D6, 0x72D6, 0xF5E6, 0x15E7, 0xF5E6, 0xD4DE, 
    0x50CE, 0x0FCE, 0x30CE, 0xF4DE, 0x16E7, 0xD4DE, 0x10CE, 0x30CE, 0x30CE, 0x30CE, 0x30CE, 0x30CE, 
    0x30CE, 0x30CE, 0x58EF, 0x37EF, 0x93D6, 0x51CE, 0x30CE, 0x30CE, 0x30CE, 0x30CE, 0x30CE, 0x30CE, 
    0x30CE, 0x30CE, 0x30CE, 0x30CE, 0x30CE, 0x92D6, 0x94D6, 0x35CE, 0x2A6B, 0x8852, 0xED83, 0x39EF, 
    0x12AD, 0xEE83, 0x6C73, 0x4B6B, 0x909C, 0x94BD, 0x93B5, 0x0A63, 0x2E8C, 0x56CE, 0x99F7, 0xB3DE, 
    0x10CE, 0x30CE, 0x30CE, 0x30CE, 0x30CE, 0x30CE, 0x0FCE, 0xF5E6, 0xDBFF, 0xBAF7, 0x36E7, 0x16E7, 
    0xFBFF, 0xA631, 0xFFFF, 0xFFFF, 0xFFFF, 0xFFFF, 0xFFFF, 0xFFFF, 0xFFFF, 0xFFFF, 0xFFFF, 0xFFFF, 
    0xFFFF, 0xFFFF, 0xFFFF, 0xFFFF, 0xFFFF, 0xFFFF, 0xFFFF, 0xFFFF, 0xFFFF, 0xFFFF, 0xFFFF, 0xFFFF, 
    0xFFFF, 0xFFFF, 0xFFFF, 0xFFFF, 0xFFFF, 0xFFFF, 0xFFFF, 0xFFFF, 0xFFFF, 0xFFFF, 0xFFFF, 0xFFFF, 
    0xFFFF, 0xFFFF, 0xEA5A, 0xFDFF, 0xF5DE, 0xF4DE, 0xF4E6, 0xF4DE, 0x51D6, 0x2FCE, 0x30CE, 0xD4DE, 
    0xF5E6, 0xF5E6, 0x15E7, 0x71D6, 0x30CE, 0x30CE, 0xD4DE, 0x16E7, 0xD4DE, 0x51CE, 0x30CE, 0x30CE, 
    0x51D6, 0x30CE, 0x30CE, 0x30CE, 0x30CE, 0x99F7, 0x17E7, 0x51CE, 0x51CE, 0x30CE, 0x30CE, 0x30CE, 
    0x30CE, 0x30CE, 0x30CE, 0x30CE, 0x30CE, 0x30CE, 0x30CE, 0x30CE, 0x0FCE, 0xB3DE, 0xDAFF, 0x2E8C, 
    0xEA5A, 0xCD7B, 0x39EF, 0x94BD, 0x508C, 0x4B6B, 0x4B6B, 0xAD7B, 0x12AD, 0x5AF7, 0x8C73, 0x8C73, 
    0x33AD, 0xDBFF, 0xB3DE, 0x0FCE, 0x30CE, 0x30CE, 0x30CE, 0x30CE, 0x30CE, 0x30CE, 0xF5E6, 0xDBFF, 
    0xBAF7, 0x36E7, 0x16E7, 0xFBFF, 0xA631, 0xFFFF, 0xFFFF, 0xFFFF, 0xFFFF, 0xFFFF, 0xFFFF, 0xFFFF, 
    0xFFFF, 0xFFFF, 0xFFFF, 0xFFFF, 0xFFFF, 0xFFFF, 0xFFFF, 0xFFFF, 0xFFFF, 0xFFFF, 0xFFFF, 0xFFFF, 
    0xFFFF, 0xFFFF, 0xFFFF, 0xFFFF, 0xFFFF, 0xFFFF, 0xFFFF, 0xFFFF, 0xFFFF, 0xFFFF, 0xFFFF, 0xFFFF, 
    0xFFFF, 0xFFFF, 0xFFFF, 0xFFFF, 0xFFFF, 0xC95A, 0xFBFF, 0xF5DE, 0x15E7, 0xD4DE, 0x2FCE, 0x30CE, 
    0x30CE, 0x30CE, 0x30CE, 0xB3DE, 0x16E7, 0xF4E6, 0x15E7, 0xB3DE, 0x30CE, 0x30CE, 0xB3DE, 0x16E7, 
    0xF5E6, 0x50CE, 0x71D6, 0x15E7, 0x30CE, 0x30CE, 0x30CE, 0x50CE, 0xD4DE, 0x79EF, 0xBAF7, 0x30CE, 
    0x2FCE, 0x30CE, 0x30CE, 0x30CE, 0x30CE, 0x30CE, 0x30CE, 0x30CE, 0x30CE, 0x30CE, 0x30CE, 0x30CE, 
    0x50CE, 0x30CE, 0xDAFF, 0xD09C, 0x4B6B, 0x59EF, 0x94BD, 0x2F8C, 0x4B6B, 0x6C6B, 0x2B63, 0x6F94, 
    0x39EF, 0x6B6B, 0xEA62, 0x2E84, 0xBAF7, 0xB3DE, 0x0FCE, 0x30CE, 0x30CE, 0x30CE, 0x30CE, 0x30CE, 
    0xD4DE, 0x57EF, 0xBAF7, 0xBBF7, 0x37E7, 0x16E7, 0xFBFF, 0xA631, 0xFFFF, 0xFFFF, 0xFFFF, 0xFFFF, 
    0xFFFF, 0xFFFF, 0xFFFF, 0xFFFF, 0xFFFF, 0xFFFF, 0xFFFF, 0xFFFF, 0xFFFF, 0xFFFF, 0xFFFF, 0xFFFF, 
    0xFFFF, 0xFFFF, 0xFFFF, 0xFFFF, 0xFFFF, 0xFFFF, 0xFFFF, 0xFFFF, 0xFFFF, 0xFFFF, 0xFFFF, 0xFFFF, 
    0xFFFF, 0xFFFF, 0xFFFF, 0xFFFF, 0xFFFF, 0xFFFF, 0xFFFF, 0xFFFF, 0xC95A, 0xFCFF, 0xF5E6, 0xB3DE, 
    0x71D6, 0x30CE, 0x30CE, 0x30CE, 0x30CE, 0x30CE, 0x51D6, 0x92DE, 0xF5E6, 0x15E7, 0xD4DE, 0x30CE, 
    0x10CE, 0x93D6, 0x37E7, 0x78EF, 0x51D6, 0x71D6, 0x15E7, 0x30CE, 0x30CE, 0x30CE, 0x30CE, 0xF5DE, 
    0x37EF, 0x57EF, 0x15E7, 0x71D6, 0x0FCE, 0x30CE, 0x30CE, 0x30CE, 0x30CE, 0x30CE, 0x30CE, 0x30CE, 
    0x30CE, 0x30CE, 0x30CE, 0x30CE, 0x30CE, 0x56EF, 0x92B5, 0xD19C, 0x39EF, 0x74B5, 0x0F8C, 0x4B6B, 
    0x6C73, 0x4B6B, 0x2E8C, 0x16C6, 0x7094, 0x8C73, 0xCD7B, 0x9AF7, 0xB3DE, 0x0FCE, 0x30CE, 0x30CE, 
    0x30CE, 0x30CE, 0x30CE, 0xD4DE, 0x58EF, 0xBAF7, 0xBAF7, 0x37E7, 0x16E7, 0xFBFF, 0xA631, 0xFFFF, 
    0xFFFF, 0xFFFF, 0xFFFF, 0xFFFF, 0xFFFF, 0xFFFF, 0xFFFF, 0xFFFF, 0xFFFF, 0xFFFF, 0xFFFF, 0xFFFF, 
    0xFFFF, 0xFFFF, 0xFFFF, 0xFFFF, 0xFFFF, 0xFFFF, 0xFFFF, 0xFFFF, 0xFFFF, 0xFFFF, 0xFFFF, 0xFFFF, 
    0xFFFF, 0xFFFF, 0xFFFF, 0xFFFF, 0xFFFF, 0xFFFF, 0xFFFF, 0xFFFF, 0xFFFF, 0xFFFF, 0xFFFF, 0x4B6B, 
    0xFCFF, 0x16E7, 0x92D6, 0x2FCE, 0x50CE, 0x50CE, 0x50CE, 0x50CE, 0x30CE, 0x2FCE, 0x30CE, 0xF4DE, 
    0x16E7, 0xD4DE, 0x30CE, 0x30CE, 0x92D6, 0x37EF, 0xDAFF, 0x71D6, 0x71D6, 0x15E7, 0x50CE, 0x30CE, 
    0x30CE, 0x30CE, 0xD4DE, 0xF5DE, 0xF5E6, 0xDAFF, 0xB3DE, 0x2FCE, 0x30CE, 0x30CE, 0x30CE, 0x30CE, 
    0x30CE, 0x30CE, 0x30CE, 0x30CE, 0x30CE, 0x30CE, 0x30CE, 0x30CE, 0xD3DE, 0x54CE, 0x15CE, 0x18E7, 
    0x53B5, 0x2F8C, 0x6C73, 0x8C73, 0x6B6B, 0xCD7B, 0xD29C, 0x33AD, 0x2F8C, 0xCD7B, 0xBAF7, 0xB3DE, 
    0x0FCE, 0x30CE, 0x30CE, 0x30CE, 0x30CE, 0x30CE, 0xF5DE, 0x58EF, 0xBAF7, 0xBAF7, 0x36E7, 0x15E7, 
    0xFBFF, 0xA631, 0xFFFF, 0xFFFF, 0xFFFF, 0xFFFF, 0xFFFF, 0xFFFF, 0xFFFF, 0xFFFF, 0xFFFF, 0xFFFF, 
    0xFFFF, 0xFFFF, 0xFFFF, 0xFFFF, 0xFFFF, 0xFFFF, 0xFFFF, 0xFFFF, 0xFFFF, 0xFFFF, 0xFFFF, 0xFFFF, 
    0xFFFF, 0xFFFF, 0xFFFF, 0xFFFF, 0xFFFF, 0xFFFF, 0xFFFF, 0xFFFF, 0xFFFF, 0xFFFF, 0xFFFF, 0xFFFF, 
    0xFFFF, 0x94B5, 0x9AF7, 0x16E7, 0x16E7, 0xF5E6, 0xF5DE, 0xF4DE, 0xF4DE, 0xF5E6, 0xF4E6, 0x30CE, 
    0x2FCE, 0x30CE, 0x30CE, 0xF5E6, 0xF5DE, 0x72D6, 0x30CE, 0x92D6, 0x36E7, 0xBAF7, 0x71D6, 0x92D6, 
    0x16E7, 0x50CE, 0x30CE, 0x30CE, 0x30CE, 0x30CE, 0xB3DE, 0x36E7, 0xF5E6, 0x98F7, 0x37EF, 0x0FC6, 
    0x30CE, 0x30CE, 0x30CE, 0x30CE, 0x30CE, 0x30CE, 0x30CE, 0x30CE, 0x30CE, 0x30CE, 0x30CE, 0x30CE, 
    0xB4DE, 0x18E7, 0x18E7, 0x53AD, 0xB19C, 0xB19C, 0x8C73, 0x6B6B, 0x8C73, 0x8C73, 0xB7DE, 0x32AD, 
    0xAC73, 0xBAF7, 0xB3DE, 0x0FCE, 0x30CE, 0x30CE, 0x30CE, 0x30CE, 0x30CE, 0x79EF, 0x58EF, 0xD5DE, 
    0xDBFF, 0x36E7, 0x15E7, 0xFBFF, 0xA631, 0xFFFF, 0xFFFF, 0xFFFF, 0xFFFF, 0xFFFF, 0xFFFF, 0xFFFF, 
    0xFFFF, 0xFFFF, 0xFFFF, 0xFFFF, 0xFFFF, 0xFFFF, 0xFFFF, 0xFFFF, 0xFFFF, 0xFFFF, 0xFFFF, 0xFFFF, 
    0xFFFF, 0xFFFF, 0xFFFF, 0xFFFF, 0xFFFF, 0xFFFF, 0xFFFF, 0xFFFF, 0xFFFF, 0xFFFF, 0xFFFF, 0xFFFF, 
    0xFFFF, 0xFFFF, 0xFFFF, 0xFFFF, 0xF5BD, 0xFAFF, 0xF5DE, 0x15E7, 0x15E7, 0x15E7, 0xF5E6, 0x15E7, 
    0x15E7, 0x15E7, 0x92D6, 0x51CE, 0x30CE, 0x30CE, 0xD4DE, 0xF5E6, 0xB3DE, 0x30CE, 0x92D6, 0x36E7, 
    0xBAFF, 0x92D6, 0xB3D6, 0x15E7, 0x50CE, 0x30CE, 0x30CE, 0x30CE, 0x30CE, 0x72D6, 0xD4DE, 0xF5DE, 
    0x58EF, 0x58EF, 0xD5DE, 0xB3D6, 0x51CE, 0x30CE, 0x30CE, 0x30CE, 0x30CE, 0x30CE, 0x30CE, 0x30CE, 
    0x30CE, 0x30CE, 0x30CE, 0x72D6, 0xD5DE, 0x59EF, 0x73B5, 0xB19C, 0xD2A4, 0x8C73, 0x6B6B, 0x4B6B, 
    0x4B6B, 0xF5C5, 0xD19C, 0xAC73, 0xBAF7, 0xB3DE, 0x0FCE, 0x30CE, 0x30CE, 0x30CE, 0x30CE, 0x30CE, 
    0x99F7, 0x58EF, 0xB3DE, 0x99F7, 0x16E7, 0x15E7, 0xFBFF, 0xA631, 0xFFFF, 0xFFFF, 0xFFFF, 0xFFFF, 
    0xFFFF, 0xFFFF, 0xFFFF, 0xFFFF, 0xFFFF, 0xFFFF, 0xFFFF, 0xFFFF, 0xFFFF, 0xFFFF, 0xFFFF, 0xFFFF, 
    0xFFFF, 0xFFFF, 0xFFFF, 0xFFFF, 0xFFFF, 0xFFFF, 0xFFFF, 0xFFFF, 0xFFFF, 0xFFFF, 0xFFFF, 0xFFFF, 
    0xFFFF, 0xFFFF, 0xFFFF, 0xFFFF, 0xFFFF, 0xFFFF, 0xFFFF, 0xD4BD, 0xDAFF, 0xF5DE, 0x15E7, 0xF5E6, 
    0xF5E6, 0xF5E6, 0xF5E6, 0x15E7, 0x15E7, 0x36E7, 0x93D6, 0x30CE, 0x30CE, 0xD4DE, 0x16E7, 0xF5E6, 
    0x30CE, 0x92D6, 0x36E7, 0xDBFF, 0xD4DE, 0xB4DE, 0x15E7, 0x50CE, 0x30CE, 0x30CE, 0x30CE, 0x30CE, 
    0x2FCE, 0x50CE, 0x16E7, 0xF5E6, 0x57EF, 0xDBFF, 0x37E7, 0x92D6, 0x0FCE, 0x30CE, 0x30CE, 0x30CE, 
    0x30CE, 0x30CE, 0x30CE, 0x30CE, 0x30CE, 0x30CE, 0x0FCE, 0x71D6, 0xDBFF, 0x94B5, 0xD19C, 0xD2A4, 
    0x8C73, 0x4B6B, 0x4B6B, 0x6C73, 0xB19C, 0xEE83, 0xAC73, 0x9AF7, 0xB3DE, 0x0FCE, 0x30CE, 0x30CE, 
    0x30CE, 0x30CE, 0x30CE, 0x78F7, 0x57EF, 0xB3D6, 0x78EF, 0x15E7, 0x16E7, 0xFCFF, 0xC639, 0xFFFF, 
    0xFFFF, 0xFFFF, 0xFFFF, 0xFFFF, 0xFFFF, 0xFFFF, 0xFFFF, 0xFFFF, 0xFFFF, 0xFFFF, 0xFFFF, 0xFFFF, 
    0xFFFF, 0xFFFF, 0xFFFF, 0xFFFF, 0xFFFF, 0xFFFF, 0xFFFF, 0xFFFF, 0xFFFF, 0xFFFF, 0xFFFF, 0xFFFF, 
    0xFFFF, 0xFFFF, 0xFFFF, 0xFFFF, 0xFFFF, 0xFFFF, 0xFFFF, 0xFFFF, 0xFFFF, 0xFFFF, 0xD4BD, 0xDAFF, 
    0xF5DE, 0xF5E6, 0x16E7, 0xF4DE, 0x51CE, 0x50CE, 0x50CE, 0x51D6, 0x51D6, 0x51CE, 0x30CE, 0x30CE, 
    0x50CE, 0x92D6, 0x15E7, 0xD4DE, 0xD4DE, 0x36E7, 0xDBFF, 0x16E7, 0xF5E6, 0xF5E6, 0x30CE, 0x30CE, 
    0x30CE, 0x30CE, 0x30CE, 0x30CE, 0x50CE, 0x71D6, 0x71D6, 0xB3DE, 0x37EF, 0x99F7, 0x99F7, 0x36EF, 
    0x0FCE, 0x30CE, 0x30CE, 0x30CE, 0x30CE, 0x30CE, 0x30CE, 0x30CE, 0x30CE, 0x30CE, 0x51CE, 0x72D6, 
    0x38EF, 0x77D6, 0xB19C, 0x6C6B, 0x4B6B, 0x6C73, 0x6C73, 0xB19C, 0x74B5, 0x76D6, 0xBAF7, 0xB4DE, 
    0x10CE, 0x30CE, 0x30CE, 0x30CE, 0x50CE, 0xB4DE, 0x99F7, 0x57EF, 0xB3D6, 0xD3DE, 0x57EF, 0xBAF7, 
    0xBAF7, 0x19E7, 0xAD73, 0xFFFF, 0xFFFF, 0xFFFF, 0xFFFF, 0xFFFF, 0xFFFF, 0xFFFF, 0xFFFF, 0xFFFF, 
    0xFFFF, 0xFFFF, 0xFFFF, 0xFFFF, 0xFFFF, 0xFFFF, 0xFFFF, 0xFFFF, 0xFFFF, 0xFFFF, 0xFFFF, 0xFFFF, 
    0xFFFF, 0xFFFF, 0xFFFF, 0xFFFF, 0xFFFF, 0xFFFF, 0xFFFF, 0xFFFF, 0xFFFF, 0xFFFF, 0xFFFF, 0xFFFF, 
    0xFFFF, 0xD4BD, 0xD9FF, 0xD4DE, 0x15E7, 0xF5DE, 0x93D6, 0x30CE, 0x30CE, 0x30CE, 0x30CE, 0x30CE, 
    0x30CE, 0x30CE, 0x30CE, 0x0FCE, 0x71D6, 0x15E7, 0x15E7, 0xF5E6, 0x37E7, 0xDBF7, 0x58EF, 0x36E7, 
    0xF4DE, 0x71D6, 0x30CE, 0x30CE, 0x30CE, 0x30CE, 0x30CE, 0x30CE, 0x30CE, 0x30CE, 0x71D6, 0xD4DE, 
    0x58EF, 0x99F7, 0x58EF, 0x93DE, 0x51CE, 0x30CE, 0x30CE, 0x30CE, 0x30CE, 0x30CE, 0x30CE, 0x30CE, 
    0x30CE, 0x30CE, 0x10CE, 0x99F7, 0xD8DE, 0x7094, 0xCD7B, 0x8C73, 0x6B6B, 0x6C6B, 0x0E84, 0x73B5, 
    0x18EF, 0xBBF7, 0xB4DE, 0x10CE, 0x30CE, 0x30CE, 0x30CE, 0x51CE, 0x36E7, 0x78F7, 0x15E7, 0x71D6, 
    0x92D6, 0x58EF, 0xBBFF, 0x9AF7, 0xFDFF, 0x7094, 0xFFFF, 0xFFFF, 0xFFFF, 0xFFFF, 0xFFFF, 0xFFFF, 
    0xFFFF, 0xFFFF, 0xFFFF, 0xFFFF, 0xFFFF, 0xFFFF, 0xFFFF, 0xFFFF, 0xFFFF, 0xFFFF, 0xFFFF, 0xFFFF, 
    0xFFFF, 0xFFFF, 0xFFFF, 0xFFFF, 0xFFFF, 0xFFFF, 0xFFFF, 0xFFFF, 0xFFFF, 0xFFFF, 0xFFFF, 0xFFFF, 
    0xFFFF, 0xFFFF, 0xFFFF, 0xFFFF, 0xD4BD, 0xD9FF, 0xD4DE, 0x15E7, 0x92D6, 0x30CE, 0x30CE, 0x30CE, 
    0x30CE, 0x30CE, 0x30CE, 0x30CE, 0x30CE, 0x30CE, 0x2FCE, 0x92D6, 0x16E7, 0x15E7, 0xF5E6, 0x37E7, 
    0xBAF7, 0xDBFF, 0x58EF, 0xF4DE, 0x16E7, 0x72D6, 0x30CE, 0x30CE, 0x30CE, 0x30CE, 0x30CE, 0x30CE, 
    0x30CE, 0x2FCE, 0x30CE, 0xD4DE, 0xF4DE, 0x15E7, 0xDBFF, 0x93D6, 0x10CE, 0x30CE, 0x30CE, 0x30CE, 
    0x30CE, 0x30CE, 0x30CE, 0x30CE, 0x30CE, 0x30CE, 0x99F7, 0xB7D6, 0x5094, 0xD29C, 0xCE7B, 0x4B6B, 
    0x6C73, 0xEA62, 0xD19C, 0x39EF, 0xBBF7, 0xB4DE, 0x30CE, 0x50CE, 0x30CE, 0x0FCE, 0x92D6, 0xBAFF, 
    0x36E7, 0x92D6, 0x2FCE, 0xB3DE, 0x79EF, 0xDBFF, 0x9AF7, 0xFCFF, 0x4F8C, 0xFFFF, 0xFFFF, 0xFFFF, 
    0xFFFF, 0xFFFF, 0xFFFF, 0xFFFF, 0xFFFF, 0xFFFF, 0xFFFF, 0xFFFF, 0xFFFF, 0xFFFF, 0xFFFF, 0xFFFF, 
    0xFFFF, 0xFFFF, 0xFFFF, 0xFFFF, 0xFFFF, 0xFFFF, 0xFFFF, 0xFFFF, 0xFFFF, 0xFFFF, 0xFFFF, 0xFFFF, 
    0xFFFF, 0xFFFF, 0xFFFF, 0xFFFF, 0xFFFF, 0x0321, 0xD4BD, 0xD5DE, 0x15E7, 0xF4DE, 0x15E7, 0x71D6, 
    0x0FCE, 0x30CE, 0x30CE, 0x30CE, 0x30CE, 0x30CE, 0x30CE, 0x30CE, 0x30CE, 0x30CE, 0x51CE, 0x72D6, 
    0xF5E6, 0xF5E6, 0x36E7, 0xBAF7, 0xBAF7, 0x57EF, 0xF4DE, 0x16E7, 0x72D6, 0x72D6, 0x78EF, 0x78F7, 
    0x58EF, 0x57EF, 0x57EF, 0x57EF, 0xF4E6, 0x10CE, 0x51D6, 0x71D6, 0x92D6, 0x37EF, 0x58EF, 0x58EF, 
    0x37EF, 0x30CE, 0x30CE, 0x30CE, 0x30CE, 0x30CE, 0x30CE, 0x30CE, 0x30CE, 0x71D6, 0xD5DE, 0xB7DE, 
    0xD2A4, 0xAD7B, 0x4B6B, 0x6C6B, 0x2B6B, 0x4F8C, 0xF5C5, 0xBBFF, 0xB4DE, 0x30CE, 0x50CE, 0x30CE, 
    0x0FCE, 0x71D6, 0xBAF7, 0x36E7, 0x92D6, 0x30CE, 0x51CE, 0xF5E6, 0x79EF, 0x9AF7, 0xFCFF, 0x4F8C, 
    0xFFFF, 0xFFFF, 0xFFFF, 0xFFFF, 0xFFFF, 0xFFFF, 0xFFFF, 0xFFFF, 0xFFFF, 0xFFFF, 0xFFFF, 0xFFFF, 
    0xFFFF, 0xFFFF, 0xFFFF, 0xFFFF, 0xFFFF, 0xFFFF, 0xFFFF, 0xFFFF, 0xFFFF, 0xFFFF, 0xFFFF, 0xFFFF, 
    0xFFFF, 0xFFFF, 0xFFFF, 0xFFFF, 0xFFFF, 0xFFFF, 0xFFFF, 0xFFFF, 0x8531, 0xFDFF, 0x36EF, 0xD4DE, 
    0xF5E6, 0xF5E6, 0x92D6, 0x30CE, 0x30CE, 0x30CE, 0x30CE, 0x30CE, 0x30CE, 0x30CE, 0x30CE, 0x30CE, 
    0x30CE, 0x30CE, 0x30CE, 0xF5E6, 0xF5E6, 0x36E7, 0xBAF7, 0xBAFF, 0x57EF, 0xF4DE, 0x16E7, 0xB3DE, 
    0xB5DE, 0x7BEF, 0xF9DE, 0x5AEF, 0xBAF7, 0x99F7, 0x7AEF, 0xF7DE, 0x51D6, 0x51CE, 0x30CE, 0x51CE, 
    0xD4DE, 0x79EF, 0xBBF7, 0x99F7, 0x93D6, 0x51CE, 0x30CE, 0x30CE, 0x30CE, 0x30CE, 0x30CE, 0x30CE, 
    0x0FC6, 0xD4DE, 0xBAFF, 0xF2A4, 0xAD7B, 0x4B6B, 0x6C73, 0x6B6B, 0x0E84, 0x53AD, 0xBBFF, 0xB3DE, 
    0x0FCE, 0x50CE, 0x30CE, 0x30CE, 0xB2DE, 0xBAF7, 0x36E7, 0x92D6, 0x30CE, 0x30CE, 0xB4DE, 0x37EF, 
    0x9AF7, 0xFCFF, 0x4F8C, 0xFFFF, 0xFFFF, 0xFFFF, 0xFFFF, 0xFFFF, 0xFFFF, 0xFFFF, 0xFFFF, 0xFFFF, 
    0xFFFF, 0xFFFF, 0xFFFF, 0xFFFF, 0xFFFF, 0xFFFF, 0xFFFF, 0xFFFF, 0xFFFF, 0xFFFF, 0xFFFF, 0xFFFF, 
    0xFFFF, 0xFFFF, 0xFFFF, 0xFFFF, 0xFFFF, 0xFFFF, 0xFFFF, 0xFFFF, 0xFFFF, 0xFFFF, 0xFFFF, 0x8531, 
    0xDBFF, 0x37E7, 0xF5DE, 0xF5E6, 0xF5E6, 0x15E7, 0xD4DE, 0x30CE, 0x30CE, 0x30CE, 0x30CE, 0x30CE, 
    0x30CE, 0x30CE, 0x30CE, 0x30CE, 0x30CE, 0x51CE, 0xF5E6, 0xF5E6, 0x36E7, 0xBAF7, 0xBAF7, 0x58EF, 
    0xF5DE, 0xF5DE, 0x99F7, 0x3AE7, 0xD89D, 0x4F2A, 0x359D, 0xFCFF, 0xFBFF, 0x969D, 0xB69D, 0xFAFF, 
    0xFCFF, 0x56EF, 0x0FCE, 0x31CE, 0xD5DE, 0x16E7, 0x16E7, 0xDBFF, 0x92D6, 0x0EC6, 0x30CE, 0x30CE, 
    0x30CE, 0x30CE, 0x50CE, 0x30CE, 0xD4DE, 0x9AF7, 0xD29C, 0x8D73, 0x2B6B, 0x6C73, 0x6B6B, 0x0E84, 
    0x74B5, 0xBBFF, 0xB3DE, 0x0FCE, 0x50CE, 0x30CE, 0x93D6, 0x36E7, 0xBAF7, 0x36EF, 0x93D6, 0x30CE, 
    0x30CE, 0xD4DE, 0x58EF, 0x9AF7, 0xFCFF, 0x4F8C, 0xFFFF, 0xFFFF, 0xFFFF, 0xFFFF, 0xFFFF, 0xFFFF, 
    0xFFFF, 0xFFFF, 0xFFFF, 0xFFFF, 0xFFFF, 0xFFFF, 0xFFFF, 0xFFFF, 0xFFFF, 0xFFFF, 0xFFFF, 0xFFFF, 
    0xFFFF, 0xFFFF, 0xFFFF, 0xFFFF, 0xFFFF, 0xFFFF, 0xFFFF, 0xFFFF, 0xFFFF, 0xFFFF, 0xFFFF, 0xFFFF, 
    0xFFFF, 0xFFFF, 0x6429, 0xFCFF, 0x37E7, 0xF5E6, 0xF5E6, 0xF5E6, 0xB3DE, 0x71D6, 0x30CE, 0x30CE, 
    0x30CE, 0x30CE, 0x30CE, 0x30CE, 0x30CE, 0x30CE, 0x30CE, 0x30CE, 0x51CE, 0xF5E6, 0xF5E6, 0x36E7, 
    0xBAF7, 0xBBFF, 0x78EF, 0xF5E6, 0xF5DE, 0x98F7, 0xB9CE, 0x1464, 0xF242, 0xB25B, 0x737C, 0x1274, 
    0xD6AD, 0xD9CE, 0xD9CE, 0xCE73, 0x6B6B, 0xF5DE, 0x50CE, 0x72D6, 0x92D6, 0x93D6, 0x37E7, 0x36E7, 
    0xD3DE, 0x0FCE, 0x30CE, 0x30CE, 0x30CE, 0x30CE, 0x30CE, 0x71D6, 0xB4DE, 0x97D6, 0xF2A4, 0xCE7B, 
    0x6C73, 0x6B6B, 0x0E84, 0x74B5, 0xDBFF, 0xB3DE, 0x0FC6, 0x30CE, 0x0FCE, 0xF5E6, 0x99F7, 0x58EF, 
    0xB3DE, 0x51CE, 0x30CE, 0x30CE, 0x72D6, 0xD5DE, 0x9AF7, 0xFCFF, 0x4F8C, 0xFFFF, 0xFFFF, 0xFFFF, 
    0xFFFF, 0xFFFF, 0xFFFF, 0xFFFF, 0xFFFF, 0xFFFF, 0xFFFF, 0xFFFF, 0xFFFF, 0xFFFF, 0xFFFF, 0xFFFF, 
    0xFFFF, 0xFFFF, 0xFFFF, 0xFFFF, 0xFFFF, 0xFFFF, 0xFFFF, 0xFFFF, 0xFFFF, 0xFFFF, 0xFFFF, 0xFFFF, 
    0xFFFF, 0xFFFF, 0xFFFF, 0xFFFF, 0xFFFF, 0x0742, 0xDBFF, 0x37E7, 0xF5E6, 0xF5E6, 0xF5E6, 0x71D6, 
    0x0FCE, 0x30CE, 0x30CE, 0x30CE, 0x30CE, 0x30CE, 0x30CE, 0x30CE, 0x30CE, 0x30CE, 0x30CE, 0x51CE, 
    0xF5E6, 0x15E7, 0x36E7, 0xBAF7, 0xBBF7, 0x78EF, 0xF5E6, 0xF5DE, 0xB8F7, 0x57C6, 0xD13A, 0x7353, 
    0x7032, 0xAD19, 0x6C09, 0xD6AD, 0x3ADF, 0xD89D, 0xFFFF, 0xFFFF, 0x38E7, 0x51D6, 0x30CE, 0x30CE, 
    0x30CE, 0xB3DE, 0x99F7, 0x57EF, 0x30CE, 0x51CE, 0x51CE, 0x30CE, 0x30CE, 0x30CE, 0x0FCE, 0x10CE, 
    0xD9FF, 0x16C6, 0x7094, 0x6C73, 0x6C6B, 0xEE83, 0x53AD, 0xBBF7, 0xB3DE, 0x0FC6, 0x30CE, 0x30CE, 
    0x37E7, 0xBBFF, 0x16E7, 0x51CE, 0x10CE, 0x30CE, 0x30CE, 0x10CE, 0x93D6, 0x9AF7, 0xFCFF, 0x4F8C, 
    0xFFFF, 0xFFFF, 0xFFFF, 0xFFFF, 0xFFFF, 0xFFFF, 0xFFFF, 0xFFFF, 0xFFFF, 0xFFFF, 0xFFFF, 0xFFFF, 
    0xFFFF, 0xFFFF, 0xFFFF, 0xFFFF, 0xFFFF, 0xFFFF, 0xFFFF, 0xFFFF, 0xFFFF, 0xFFFF, 0xFFFF, 0xFFFF, 
    0xFFFF, 0xFFFF, 0xFFFF, 0xFFFF, 0xFFFF, 0xFFFF, 0xFFFF, 0x0E84, 0x9AF7, 0xF6E6, 0x15E7, 0x16E7, 
    0x16E7, 0x51D6, 0x30CE, 0x30CE, 0x30CE, 0x30CE, 0x30CE, 0x30CE, 0x30CE, 0x30CE, 0x30CE, 0x30CE, 
    0x30CE, 0x72D6, 0xF5E6, 0xF5E6, 0xF5E6, 0x37E7, 0xBAF7, 0xBBF7, 0x78EF, 0xF5E6, 0xD5DE, 0xF9FF, 
    0x98CE, 0xF142, 0x524B, 0x324B, 0x324B, 0x324B, 0x8F3A, 0x4E2A, 0xAF3A, 0x53A5, 0xA85A, 0xE86A, 
    0xFAFF, 0xFBFF, 0x36EF, 0xEEC5, 0x0FCE, 0xB3DE, 0x57EF, 0xBAF7, 0x16E7, 0x92D6, 0x30CE, 0x30CE, 
    0x30CE, 0x30CE, 0x30CE, 0x16E7, 0xB4BD, 0x308C, 0x6B6B, 0x9094, 0x7094, 0xF2A4, 0xBBFF, 0xB3DE, 
    0x0FC6, 0x30CE, 0xD3DE, 0x79EF, 0xBBF7, 0x36E7, 0x72D6, 0x30CE, 0x30CE, 0x30CE, 0x0FCE, 0x72D6, 
    0x9AF7, 0xFCFF, 0x4F8C, 0xFFFF, 0xFFFF, 0xFFFF, 0xFFFF, 0xFFFF, 0xFFFF, 0xFFFF, 0xFFFF, 0xFFFF, 
    0xFFFF, 0xFFFF, 0xFFFF, 0xFFFF, 0xFFFF, 0xFFFF, 0xFFFF, 0xFFFF, 0xFFFF, 0xFFFF, 0xFFFF, 0xFFFF, 
    0xFFFF, 0xFFFF, 0xFFFF, 0xFFFF, 0xFFFF, 0xFFFF, 0xFFFF, 0xFFFF, 0xFFFF, 0xFFFF, 0x6F8C, 0xFBFF, 
    0xD4DE, 0xF5E6, 0xF5DE, 0xB3DE, 0x30CE, 0x30CE, 0x30CE, 0x30CE, 0x30CE, 0x30CE, 0x30CE, 0x30CE, 
    0x30CE, 0x30CE, 0x30CE, 0x30CE, 0x92D6, 0x15E7, 0xF5E6, 0x36E7, 0x79EF, 0xBAF7, 0xBBF7, 0x78EF, 
    0x16E7, 0x58EF, 0x98CE, 0x1595, 0x1143, 0x324B, 0x324B, 0x324B, 0x524B, 0xD13A, 0x702A, 0xB03A, 
    0xF8AD, 0xD294, 0x0E7C, 0xB8D6, 0x52AD, 0xB2BD, 0xD4DE, 0xB3DE, 0xF5DE, 0x37E7, 0x79EF, 0x79EF, 
    0xF6E6, 0x72D6, 0x30CE, 0x30CE, 0x30CE, 0x30CE, 0xB3DE, 0x75D6, 0x74B5, 0xEE83, 0xB19C, 0x33AD, 
    0x15C6, 0x78EF, 0x92D6, 0x0FCE, 0x30CE, 0x36E7, 0x79EF, 0x58EF, 0xD4DE, 0x51CE, 0x30CE, 0x30CE, 
    0x30CE, 0x50CE, 0xB3DE, 0x9AF7, 0xFCFF, 0x4F8C, 0xFFFF, 0xFFFF, 0xFFFF, 0xFFFF, 0xFFFF, 0xFFFF, 
    0xFFFF, 0xFFFF, 0xFFFF, 0xFFFF, 0xFFFF, 0xFFFF, 0xFFFF, 0xFFFF, 0xFFFF, 0xFFFF, 0xFFFF, 0xFFFF, 
    0xFFFF, 0xFFFF, 0xFFFF, 0xFFFF, 0xFFFF, 0xFFFF, 0xFFFF, 0xFFFF, 0xFFFF, 0xFFFF, 0xFFFF, 0xFFFF, 
    0xFFFF, 0x6F8C, 0xFAFF, 0xD4DE, 0x15E7, 0xB3DE, 0x0FCE, 0x30CE, 0x30CE, 0x30CE, 0x30CE, 0x30CE, 
    0x30CE, 0x30CE, 0x30CE, 0x30CE, 0x30CE, 0x30CE, 0x30CE, 0x92D6, 0x15E7, 0xF4DE, 0x78EF, 0xDBFF, 
    0xBAF7, 0xDBFF, 0x79EF, 0x16E7, 0xFBFF, 0x957C, 0xD132, 0x524B, 0x324B, 0x324B, 0x324B, 0x524B, 
    0x7353, 0x7353, 0x734B, 0x4C09, 0x7474, 0xBAC6, 0xB38C, 0x0321, 0x6B73, 0xFDFF, 0xDBFF, 0x58EF, 
    0xF5DE, 0xF6DE, 0xBAF7, 0x79EF, 0xD4DE, 0x30CE, 0x30CE, 0x30CE, 0x30CE, 0x10C6, 0x77EF, 0x3AEF, 
    0xD29C, 0x7194, 0x15C6, 0xFAFF, 0xF4DE, 0x71D6, 0x2FCE, 0x50CE, 0xB9F7, 0x58EF, 0xB4DE, 0x30CE, 
    0x30CE, 0x30CE, 0x50CE, 0x2FCE, 0xB2DE, 0x36E7, 0x99F7, 0xFCFF, 0x4F8C, 0xFFFF, 0xFFFF, 0xFFFF, 
    0xFFFF, 0xFFFF, 0xFFFF, 0xFFFF, 0xFFFF, 0xFFFF, 0xFFFF, 0xFFFF, 0xFFFF, 0xFFFF, 0xFFFF, 0xFFFF, 
    0xFFFF, 0xFFFF, 0xFFFF, 0xFFFF, 0xFFFF, 0xFFFF, 0xFFFF, 0xFFFF, 0xFFFF, 0xFFFF, 0xFFFF, 0xFFFF, 
    0xFFFF, 0xFFFF, 0xFFFF, 0xFFFF, 0x2E84, 0xFBFF, 0xD4DE, 0x15E7, 0xB3DE, 0x30CE, 0x30CE, 0x30CE, 
    0x30CE, 0x30CE, 0x30CE, 0x30CE, 0x30CE, 0x30CE, 0x30CE, 0x30CE, 0x30CE, 0x10CE, 0x72D6, 0x15E7, 
    0xF4DE, 0x57EF, 0xBAF7, 0xBAF7, 0x58EF, 0x36E7, 0x16E7, 0xFBFF, 0xD58C, 0x1243, 0x5253, 0x324B, 
    0x324B, 0x324B, 0x524B, 0x524B, 0x524B, 0x524B, 0x114B, 0xD03A, 0x8E32, 0x4D32, 0x559D, 0x908C, 
    0x054A, 0x264A, 0x35CE, 0xFCFF, 0xDBFF, 0x37E7, 0x58EF, 0x78EF, 0xB3DE, 0x50CE, 0x30CE, 0x51CE, 
    0x30CE, 0x15E7, 0x96D6, 0x7194, 0x7094, 0xF5C5, 0xBAF7, 0xF5E6, 0x72D6, 0x0FCE, 0x30CE, 0x99F7, 
    0x57EF, 0xD4DE, 0x51CE, 0x30CE, 0x30CE, 0x51CE, 0xD3DE, 0x57EF, 0x78EF, 0xF5DE, 0xFBFF, 0x4F8C, 
    0xFFFF, 0xFFFF, 0xFFFF, 0xFFFF, 0xFFFF, 0xFFFF, 0xFFFF, 0xFFFF, 0xFFFF, 0xFFFF, 0xFFFF, 0xFFFF, 
    0xFFFF, 0xFFFF, 0xFFFF, 0xFFFF, 0xFFFF, 0xFFFF, 0xFFFF, 0xFFFF, 0xFFFF, 0xFFFF, 0xFFFF, 0xFFFF, 
    0xFFFF, 0xFFFF, 0xFFFF, 0xFFFF, 0xFFFF, 0xFFFF, 0xE739, 0x52AD, 0xB9F7, 0xD4DE, 0x15E7, 0xB3DE, 
    0x2FCE, 0x30CE, 0x30CE, 0x30CE, 0x30CE, 0x30CE, 0x30CE, 0x30CE, 0x30CE, 0x30CE, 0x30CE, 0x30CE, 
    0x51D6, 0xB3DE, 0x15E7, 0x16E7, 0x78EF, 0xBAF7, 0x98F7, 0x16E7, 0x36E7, 0x38E7, 0xD9D6, 0x5574, 
    0x1243, 0x3253, 0x324B, 0x324B, 0x324B, 0x524B, 0x524B, 0x524B, 0x524B, 0x524B, 0x9032, 0x0E22, 
    0x2E22, 0x368D, 0x9184, 0x274A, 0xA541, 0xD09C, 0x56CE, 0x14C6, 0xF6DE, 0x79EF, 0x9AF7, 0x36E7, 
    0xB3DE, 0x71D6, 0x51CE, 0x30CE, 0xB3DE, 0x94D6, 0x73AD, 0x9194, 0xF5C5, 0xDAFF, 0x16E7, 0x72D6, 
    0x51D6, 0xB3DE, 0x78EF, 0x15E7, 0x92D6, 0x30CE, 0x30CE, 0x51CE, 0x93D6, 0x15E7, 0x99F7, 0x99F7, 
    0xD4DE, 0xFBFF, 0x4F8C, 0xFFFF, 0xFFFF, 0xFFFF, 0xFFFF, 0xFFFF, 0xFFFF, 0xFFFF, 0xFFFF, 0xFFFF, 
    0xFFFF, 0xFFFF, 0xFFFF, 0xFFFF, 0xFFFF, 0xFFFF, 0xFFFF, 0xFFFF, 0xFFFF, 0xFFFF, 0xFFFF, 0xFFFF, 
    0xFFFF, 0xFFFF, 0xFFFF, 0xFFFF, 0xFFFF, 0xFFFF, 0xFFFF, 0xFFFF, 0xFFFF, 0x19E7, 0xB9FF, 0xD4DE, 
    0xF5E6, 0x15E7, 0xB3DE, 0x2FCE, 0x30CE, 0x30CE, 0x30CE, 0x30CE, 0x30CE, 0x30CE, 0x30CE, 0x30CE, 
    0x30CE, 0x30CE, 0x30CE, 0xF5DE, 0x16E7, 0x15E7, 0xB9F7, 0xBAF7, 0x99F7, 0x15E7, 0xF5E6, 0x77EF, 
    0x5AEF, 0x7253, 0x324B, 0x5353, 0x324B, 0x324B, 0x324B, 0x324B, 0x524B, 0x524B, 0x524B, 0x524B, 
    0x524B, 0x524B, 0x524B, 0x9353, 0xCD19, 0xB25B, 0xFACE, 0xF29C, 0xE649, 0x6018, 0xE220, 0x18E7, 
    0xFCFF, 0xBAF7, 0xBAF7, 0x37EF, 0xB4DE, 0x30CE, 0x51CE, 0x10CE, 0xB3DE, 0xFBFF, 0x9194, 0xD4BD, 
    0xDBFF, 0x16E7, 0x72D6, 0xD4DE, 0xDBFF, 0x15E7, 0x92D6, 0x2FCE, 0x30CE, 0x0FCE, 0x92D6, 0x36E7, 
    0x15E7, 0x99F7, 0x99F7, 0xD4DE, 0xFBFF, 0x4F8C, 0xFFFF, 0xFFFF, 0xFFFF, 0xFFFF, 0xFFFF, 0xFFFF, 
    0xFFFF, 0xFFFF, 0xFFFF, 0xFFFF, 0xFFFF, 0xFFFF, 0xFFFF, 0xFFFF, 0xFFFF, 0xFFFF, 0xFFFF, 0xFFFF, 
    0xFFFF, 0xFFFF, 0xFFFF, 0xFFFF, 0xFFFF, 0xFFFF, 0xFFFF, 0xFFFF, 0xFFFF, 0xFFFF, 0xFFFF, 0xFFFF, 
    0x97D6, 0x99F7, 0xF5DE, 0xF5E6, 0x15E7, 0xB2DE, 0x0FCE, 0x30CE, 0x30CE, 0x30CE, 0x30CE, 0x30CE, 
    0x30CE, 0x30CE, 0x30CE, 0x30CE, 0x51CE, 0xD4DE, 0xF5E6, 0x15E7, 0x15E7, 0x99F7, 0xBAF7, 0x99F7, 
    0x15E7, 0xF5DE, 0x77EF, 0x7AEF, 0x9253, 0x324B, 0x524B, 0x324B, 0x324B, 0x324B, 0x524B, 0x524B, 
    0x524B, 0x524B, 0x524B, 0x524B, 0x524B, 0x524B, 0x524B, 0x1143, 0x1143, 0x514B, 0xAE42, 0x9063, 
    0xEB52, 0xC120, 0xA85A, 0x6F94, 0x56CE, 0xFBFF, 0xBAF7, 0x58EF, 0xB3DE, 0x50CE, 0x30CE, 0x50CE, 
    0xB3DE, 0x96D6, 0x39E7, 0x9AF7, 0x92D6, 0x30CE, 0xB4DE, 0xDBFF, 0x36E7, 0x92D6, 0x30CE, 0x2FCE, 
    0x92D6, 0xF4DE, 0x16E7, 0xF5E6, 0x99F7, 0xBAF7, 0xD5DE, 0xFBFF, 0x4F8C, 0xFFFF, 0xFFFF, 0xFFFF, 
    0xFFFF, 0xFFFF, 0xFFFF, 0xFFFF, 0xFFFF, 0xFFFF, 0xFFFF, 0xFFFF, 0xFFFF, 0xFFFF, 0xFFFF, 0xFFFF, 
    0xFFFF, 0xFFFF, 0xFFFF, 0xFFFF, 0xFFFF, 0xFFFF, 0xFFFF, 0xFFFF, 0xFFFF, 0xFFFF, 0xFFFF, 0xFFFF, 
    0xFFFF, 0xFFFF, 0xFFFF, 0xB7D6, 0x98F7, 0xF5DE, 0xF5E6, 0x15E7, 0xB3DE, 0x30CE, 0x30CE, 0x30CE, 
    0x30CE, 0x51D6, 0x30CE, 0x30CE, 0x30CE, 0x30CE, 0x30CE, 0x51D6, 0x16E7, 0x15E7, 0x15E7, 0x16E7, 
    0xBAF7, 0xBAFF, 0x99F7, 0x15E7, 0x15E7, 0x17E7, 0xB9CE, 0x7253, 0x324B, 0x524B, 0x524B, 0x324B, 
    0x324B, 0x524B, 0x524B, 0x524B, 0x524B, 0x524B, 0x524B, 0x524B, 0x524B, 0x524B, 0x7353, 0xD13A, 
    0xCD19, 0xCD19, 0xF35B, 0xD163, 0x4429, 0x8118, 0x4852, 0xF2A4, 0xD8DE, 0x7AEF, 0x59EF, 0xF5E6, 
    0x51CE, 0x30CE, 0x30CE, 0x0FCE, 0x78F7, 0xDBFF, 0x99F7, 0x51CE, 0x51D6, 0xF5E6, 0xBAF7, 0x37E7, 
    0x93D6, 0x30CE, 0x30CE, 0xD4DE, 0x15E7, 0x15E7, 0x36E7, 0x99F7, 0x99F7, 0xD5DE, 0xFBFF, 0x4F8C, 
    0xFFFF, 0xFFFF, 0xFFFF, 0xFFFF, 0xFFFF, 0xFFFF, 0xFFFF, 0xFFFF, 0xFFFF, 0xFFFF, 0xFFFF, 0xFFFF, 
    0xFFFF, 0xFFFF, 0xFFFF, 0xFFFF, 0xFFFF, 0xFFFF, 0xFFFF, 0xFFFF, 0xFFFF, 0xFFFF, 0xFFFF, 0xFFFF, 
    0xFFFF, 0xFFFF, 0xFFFF, 0xFFFF, 0xFFFF, 0xFFFF, 0xB7D6, 0x98F7, 0xF5DE, 0x15E7, 0x15E7, 0x15E7, 
    0xF4DE, 0x50CE, 0x2FCE, 0x71D6, 0x15E7, 0x51D6, 0x30CE, 0x30CE, 0x30CE, 0x30CE, 0x51D6, 0x15E7, 
    0x15E7, 0xF5E6, 0x16E7, 0xBAF7, 0xBBF7, 0x99F7, 0xF5DE, 0xD9FF, 0xB7AD, 0xF142, 0x524B, 0x524B, 
    0x524B, 0x524B, 0x524B, 0x524B, 0x524B, 0x524B, 0x524B, 0x524B, 0x524B, 0x524B, 0x524B, 0x524B, 
    0x524B, 0x524B, 0x524B, 0x524B, 0x524B, 0x0D22, 0x8F32, 0x158D, 0x6431, 0xC120, 0x0229, 0x2231, 
    0x52AD, 0x39EF, 0xFBFF, 0x15E7, 0x51CE, 0x0FC6, 0x30CE, 0xD4DE, 0x58EF, 0x99F7, 0x30CE, 0x57EF, 
    0x9AF7, 0xF5E6, 0x36E7, 0x93D6, 0x51CE, 0xF5E6, 0xF5E6, 0xF5E6, 0x15E7, 0xBAF7, 0x58EF, 0xF5E6, 
    0xF6E6, 0xFCFF, 0x6F8C, 0xFFFF, 0xFFFF, 0xFFFF, 0xFFFF, 0xFFFF, 0xFFFF, 0xFFFF, 0xFFFF, 0xFFFF, 
    0xFFFF, 0xFFFF, 0xFFFF, 0xFFFF, 0xFFFF, 0xFFFF, 0xFFFF, 0xFFFF, 0xFFFF, 0xFFFF, 0xFFFF, 0xFFFF, 
    0xFFFF, 0xFFFF, 0xFFFF, 0xFFFF, 0xFFFF, 0xFFFF, 0xFFFF, 0xFFFF, 0xFFFF, 0xB7D6, 0x98F7, 0xF5DE, 
    0x16E7, 0xB3DE, 0xB3DE, 0xF5E6, 0x50CE, 0x2FCE, 0x71D6, 0x15E7, 0xB3DE, 0x72D6, 0x30CE, 0xB3DE, 
    0x72D6, 0x51D6, 0x15E7, 0xF5E6, 0x36E7, 0x78EF, 0xBBFF, 0xBBFF, 0xBAF7, 0x58EF, 0xFAFF, 0xB7AD, 
    0xD23A, 0x524B, 0x524B, 0x524B, 0x524B, 0x524B, 0x524B, 0x524B, 0x524B, 0x524B, 0x524B, 0x524B, 
    0x524B, 0x524B, 0x524B, 0x524B, 0x524B, 0x524B, 0x524B, 0x524B, 0xB03A, 0xB03A, 0x714B, 0xEC4A, 
    0x0C5B, 0xA95A, 0xE228, 0xA95A, 0x8B73, 0x4E8C, 0x37EF, 0x36EF, 0xF5E6, 0xB4DE, 0x92D6, 0x36E7, 
    0x99F7, 0x0FCE, 0x37EF, 0x99F7, 0xF5E6, 0x16E7, 0xD4DE, 0xB4DE, 0x15E7, 0x15E7, 0xF5E6, 0x15E7, 
    0xBAF7, 0x57EF, 0xD4DE, 0x73D6, 0xFBFF, 0x6F8C, 0xFFFF, 0xFFFF, 0xFFFF, 0xFFFF, 0xFFFF, 0xFFFF, 
    0xFFFF, 0xFFFF, 0xFFFF, 0xFFFF, 0xFFFF, 0xFFFF, 0xFFFF, 0xFFFF, 0xFFFF, 0xFFFF, 0xFFFF, 0xFFFF, 
    0xFFFF, 0xFFFF, 0xFFFF, 0xFFFF, 0xFFFF, 0xFFFF, 0xFFFF, 0xFFFF, 0xFFFF, 0xFFFF, 0xFFFF, 0xFFFF, 
    0xB7D6, 0x98F7, 0xF4DE, 0x16E7, 0x51D6, 0x72D6, 0x15E7, 0x50CE, 0x0FCE, 0x71D6, 0xF5E6, 0x16E7, 
    0xB3DE, 0x30CE, 0x16E7, 0xB3DE, 0x51D6, 0x15E7, 0xF5E6, 0x57EF, 0xDBFF, 0x7AEF, 0x9AF7, 0xBBF7, 
    0xBBF7, 0xDBFF, 0xB7AD, 0xF242, 0x5353, 0x524B, 0x524B, 0x524B, 0x524B, 0x524B, 0x524B, 0x524B, 
    0x524B, 0x524B, 0x524B, 0x524B, 0x524B, 0x524B, 0x524B, 0x524B, 0x524B, 0x524B, 0x524B, 0x7353, 
    0xF142, 0xCD19, 0x3464, 0xF584, 0x3184, 0x0329, 0xA220, 0x6010, 0xE220, 0x18E7, 0xBBFF, 0x7AF7, 
    0x16E7, 0x31CE, 0xF5DE, 0x99F7, 0x30CE, 0x36EF, 0x98F7, 0xF4DE, 0xF5E6, 0x16E7, 0x16E7, 0x15E7, 
    0x15E7, 0xF5E6, 0x15E7, 0xBAF7, 0x37EF, 0xB3DE, 0xEFC5, 0xFAFF, 0x9094, 0xFFFF, 0xFFFF, 0xFFFF, 
    0xFFFF, 0xFFFF, 0xFFFF, 0xFFFF, 0xFFFF, 0xFFFF, 0xFFFF, 0xFFFF, 0xFFFF, 0xFFFF, 0xFFFF, 0xFFFF, 
    0xFFFF, 0xFFFF, 0xFFFF, 0xFFFF, 0xFFFF, 0xFFFF, 0xFFFF, 0xFFFF, 0xFFFF, 0xFFFF, 0xFFFF, 0xFFFF, 
    0xFFFF, 0xFFFF, 0xFFFF, 0xB7D6, 0x98F7, 0xF4DE, 0x15E7, 0x71D6, 0x50CE, 0x51CE, 0x30CE, 0x30CE, 
    0x30CE, 0x30CE, 0xD4DE, 0x15E7, 0xF5E6, 0x15E7, 0xF5E6, 0xF5E6, 0x15E7, 0xF5DE, 0x57EF, 0xBAF7, 
    0x4429, 0xD19C, 0xFCFF, 0xBBF7, 0xB584, 0x7353, 0x324B, 0x324B, 0x324B, 0x324B, 0x524B, 0x524B, 
    0x524B, 0x524B, 0x524B, 0x524B, 0x524B, 0x524B, 0x524B, 0x524B, 0x524B, 0x524B, 0x524B, 0x524B, 
    0x524B, 0x524B, 0x524B, 0x524B, 0x524B, 0x4F2A, 0xED21, 0x8E3A, 0xB384, 0x718C, 0xA95A, 0x4018, 
    0x0331, 0xCE83, 0x77CE, 0xFCFF, 0xF5E6, 0x92D6, 0x72D6, 0x78F7, 0xBAF7, 0x78F7, 0xF4DE, 0x15E7, 
    0xF5E6, 0xF5E6, 0x15E7, 0xF5E6, 0x57EF, 0xB9F7, 0xBAFF, 0x37EF, 0xB3DE, 0x30CE, 0xD4DE, 0x37E7, 
    0x56CE, 0xFFFF, 0xFFFF, 0xFFFF, 0xFFFF, 0xFFFF, 0xFFFF, 0xFFFF, 0xFFFF, 0xFFFF, 0xFFFF, 0xFFFF, 
    0xFFFF, 0xFFFF, 0xFFFF, 0xFFFF, 0xFFFF, 0xFFFF, 0xFFFF, 0xFFFF, 0xFFFF, 0xFFFF, 0xFFFF, 0xFFFF, 
    0xFFFF, 0xFFFF, 0xFFFF, 0xFFFF, 0xFFFF, 0xFFFF, 0xB7D6, 0x98F7, 0xF4DE, 0x15E7, 0x72D6, 0x30CE, 
    0x30CE, 0x30CE, 0x30CE, 0x30CE, 0x2FCE, 0x93DE, 0xD4DE, 0xD4DE, 0x15E7, 0x15E7, 0x15E7, 0xF5E6, 
    0xF5DE, 0x57EF, 0xBAF7, 0xFFFF, 0x4F8C, 0xFCFF, 0xBAF7, 0x346C, 0xF242, 0x5353, 0x324B, 0x324B, 
    0x324B, 0x324B, 0x524B, 0x524B, 0x524B, 0x524B, 0x524B, 0x524B, 0x524B, 0x524B, 0x524B, 0x524B, 
    0x524B, 0x524B, 0x524B, 0x524B, 0x524B, 0x524B, 0x524B, 0x524B, 0x9032, 0x2F2A, 0xAF32, 0xF363, 
    0x9063, 0xED52, 0xE741, 0xC228, 0x4852, 0xEE83, 0x32AD, 0x17E7, 0xB3DE, 0x51D6, 0xBAF7, 0x99F7, 
    0x36EF, 0xF5E6, 0xF5E6, 0xF5E6, 0xF5E6, 0x16E7, 0xF5E6, 0x58EF, 0xBBFF, 0x78EF, 0x36E7, 0xD3DE, 
    0x2FCE, 0x92D6, 0x98F7, 0x39E7, 0xFFFF, 0xFFFF, 0xFFFF, 0xFFFF, 0xFFFF, 0xFFFF, 0xFFFF, 0xFFFF, 
    0xFFFF, 0xFFFF, 0xFFFF, 0xFFFF, 0xFFFF, 0xFFFF, 0xFFFF, 0xFFFF, 0xFFFF, 0xFFFF, 0xFFFF, 0xFFFF, 
    0xFFFF, 0xFFFF, 0xFFFF, 0xFFFF, 0xFFFF, 0xFFFF, 0xFFFF, 0xFFFF, 0xFFFF, 0xB7D6, 0x98F7, 0xF4DE, 
    0x15E7, 0x72D6, 0x30CE, 0x30CE, 0x30CE, 0x30CE, 0x30CE, 0x30CE, 0x30CE, 0x30CE, 0x30CE, 0xF5E6, 
    0x15E7, 0xF5E6, 0x15E7, 0xF5DE, 0x78EF, 0xDBFF, 0xFFFF, 0x4F8C, 0xFCFF, 0x9AF7, 0x346C, 0x1243, 
    0x524B, 0x324B, 0x324B, 0x324B, 0x324B, 0x324B, 0x324B, 0x524B, 0x524B, 0x524B, 0x524B, 0x524B, 
    0x524B, 0x524B, 0x524B, 0x524B, 0x524B, 0x524B, 0x524B, 0x524B, 0x524B, 0x524B, 0x524B, 0x524B, 
    0x7353, 0xF142, 0xAC19, 0x6C09, 0x1143, 0x368D, 0x074A, 0xC128, 0x0010, 0x2010, 0xF8DE, 0x36EF, 
    0x31CE, 0xBBFF, 0x37E7, 0xF4DE, 0x15E7, 0xF5E6, 0xF5E6, 0xF5E6, 0x15E7, 0xF5E6, 0x58EF, 0xBBF7, 
    0xF5E6, 0xF5E6, 0xD4DE, 0x2FCE, 0xB3DE, 0x77EF, 0xF7DE, 0xFFFF, 0xFFFF, 0xFFFF, 0xFFFF, 0xFFFF, 
    0xFFFF, 0xFFFF, 0xFFFF, 0xFFFF, 0xFFFF, 0xFFFF, 0xFFFF, 0xFFFF, 0xFFFF, 0xFFFF, 0xFFFF, 0xFFFF, 
    0xFFFF, 0xFFFF, 0xFFFF, 0xFFFF, 0xFFFF, 0xFFFF, 0xFFFF, 0xFFFF, 0xFFFF, 0xFFFF, 0x0742, 0xF5BD, 
    0xF6DE, 0x36EF, 0xF5DE, 0x71D6, 0x30CE, 0x2FCE, 0x0FCE, 0x2FCE, 0x30CE, 0x30CE, 0x30CE, 0x30CE, 
    0x30CE, 0x30CE, 0x50CE, 0xB3DE, 0x15E7, 0xF5DE, 0xDAFF, 0x73AD, 0x8531, 0xFFFF, 0xC218, 0x484A, 
    0xDAFF, 0x3474, 0x1243, 0x524B, 0x524B, 0x324B, 0x324B, 0x324B, 0x324B, 0x324B, 0x324B, 0x324B, 
    0x324B, 0x524B, 0x524B, 0x524B, 0x524B, 0x524B, 0x524B, 0x524B, 0x524B, 0x524B, 0x524B, 0x524B, 
    0x524B, 0x524B, 0x524B, 0x524B, 0x324B, 0x1143, 0x3243, 0xF13A, 0x8E32, 0xAE73, 0xA539, 0x4010, 
    0xA120, 0xD7DE, 0x78F7, 0xF5DE, 0xDBFF, 0x58EF, 0xF5E6, 0xF5E6, 0x15E7, 0xF5E6, 0xF5E6, 0x15E7, 
    0xF5E6, 0x58EF, 0xBBFF, 0x16E7, 0x15E7, 0xD4DE, 0x30CE, 0x30CE, 0x15E7, 0xF8DE, 0xFFFF, 0xFFFF, 
    0xFFFF, 0xFFFF, 0xFFFF, 0xFFFF, 0xFFFF, 0xFFFF, 0xFFFF, 0xFFFF, 0xFFFF, 0xFFFF, 0xFFFF, 0xFFFF, 
    0xFFFF, 0xFFFF, 0xFFFF, 0xFFFF, 0xFFFF, 0xFFFF, 0xFFFF, 0xFFFF, 0xFFFF, 0xFFFF, 0xFFFF, 0xFFFF, 
    0xFFFF, 0xEA5A, 0xFDFF, 0xF5E6, 0xF5DE, 0xD4DE, 0x30CE, 0x30CE, 0x51D6, 0x92D6, 0x92D6, 0x92D6, 
    0x93DE, 0x92D6, 0x92D6, 0x72D6, 0x71D6, 0x0FCE, 0x92D6, 0x15E7, 0xF5DE, 0xFCFF, 0xB094, 0xFFFF, 
    0xFFFF, 0xFFFF, 0xFFFF, 0xB8D6, 0xF363, 0x1243, 0x524B, 0x524B, 0x524B, 0x324B, 0x324B, 0x324B, 
    0x324B, 0x324B, 0x324B, 0x324B, 0x324B, 0x324B, 0x324B, 0x324B, 0x524B, 0x524B, 0x524B, 0x524B, 
    0x524B, 0x524B, 0x524B, 0x524B, 0x524B, 0x524B, 0x524B, 0x524B, 0x524B, 0x9353, 0xD13A, 0xCC19, 
    0x317C, 0xC639, 0xFFFF, 0xA218, 0xD8DE, 0x98F7, 0xF5DE, 0xDBFF, 0x57EF, 0xF5E6, 0x15E7, 0xF5E6, 
    0x15E7, 0x15E7, 0x15E7, 0x15E7, 0x78EF, 0xBBFF, 0x16E7, 0x16E7, 0xD4DE, 0x30CE, 0x0FC6, 0xF4E6, 
    0xF8DE, 0xFFFF, 0xFFFF, 0xFFFF, 0xFFFF, 0xFFFF, 0xFFFF, 0xFFFF, 0xFFFF, 0xFFFF, 0xFFFF, 0xFFFF, 
    0xFFFF, 0xFFFF, 0xFFFF, 0xFFFF, 0xFFFF, 0xFFFF, 0xFFFF, 0xFFFF, 0xFFFF, 0xFFFF, 0xFFFF, 0xFFFF, 
    0xFFFF, 0xFFFF, 0xFFFF, 0xFFFF, 0xC95A, 0xFAFF, 0xF5E6, 0x93D6, 0x30CE, 0x30CE, 0x0FC6, 0xB4DE, 
    0xDBFF, 0xBAF7, 0xBAFF, 0xDBFF, 0xDBFF, 0xFBFF, 0x98F7, 0xF5E6, 0x30CE, 0x71D6, 0xD4DE, 0xF5E6, 
    0xFCFF, 0xD19C, 0xFFFF, 0xFFFF, 0x6429, 0x8A4A, 0x1143, 0x524B, 0x524B, 0x524B, 0x524B, 0x524B, 
    0x524B, 0x324B, 0x324B, 0x324B, 0x324B, 0x324B, 0x324B, 0x324B, 0x324B, 0x324B, 0x324B, 0x524B, 
    0x524B, 0x524B, 0x524B, 0x524B, 0x524B, 0x524B, 0x524B, 0x524B, 0x524B, 0x524B, 0x524B, 0x524B, 
    0x7353, 0xD13A, 0xED21, 0x9574, 0xC739, 0xFFFF, 0xE510, 0xF9DE, 0x57EF, 0x51CE, 0xDBFF, 0x57EF, 
    0xF5E6, 0xF5E6, 0xF5E6, 0xF5E6, 0xF5E6, 0xF5E6, 0x36E7, 0x99F7, 0xBAF7, 0x16E7, 0x16E7, 0xF5DE, 
    0x30CE, 0x0FCE, 0x15E7, 0xF8DE, 0xFFFF, 0xFFFF, 0xFFFF, 0xFFFF, 0xFFFF, 0xFFFF, 0xFFFF, 0xFFFF, 
    0xFFFF, 0xFFFF, 0xFFFF, 0xFFFF, 0xFFFF, 0xFFFF, 0xFFFF, 0xFFFF, 0xFFFF, 0xFFFF, 0xFFFF, 0xFFFF, 
    0xFFFF, 0xFFFF, 0xFFFF, 0xFFFF, 0xFFFF, 0xFFFF, 0xFFFF, 0xC95A, 0xFBFF, 0xF5DE, 0x72D6, 0x30CE, 
    0xB4DE, 0x16E7, 0x78EF, 0xBAF7, 0xBAF7, 0x78EF, 0x16E7, 0xD4DE, 0xD4DE, 0xB3DE, 0xB3DE, 0x72D6, 
    0x92D6, 0xB4DE, 0xF5DE, 0xFBFF, 0xB094, 0xFFFF, 0xFFFF, 0xF1A4, 0x9CEF, 0x1143, 0x524B, 0x524B, 
    0x524B, 0x524B, 0x524B, 0x524B, 0x524B, 0x524B, 0x524B, 0x324B, 0x324B, 0x324B, 0x324B, 0x324B, 
    0x324B, 0x324B, 0x324B, 0x524B, 0x524B, 0x524B, 0x524B, 0x524B, 0x524B, 0x524B, 0x524B, 0x524B, 
    0x524B, 0x524B, 0x524B, 0x7353, 0xD13A, 0xED19, 0xD674, 0xC739, 0x8210, 0xAD3A, 0x39E7, 0x36EF, 
    0x51CE, 0xDAF7, 0x37EF, 0xF5E6, 0x15E7, 0xF5E6, 0x36E7, 0x57EF, 0xF5E6, 0x78EF, 0xBAF7, 0xB9F7, 
    0x16E7, 0xD4DE, 0x72D6, 0x50CE, 0x0FCE, 0x15E7, 0xF8DE, 0xFFFF, 0xFFFF, 0xFFFF, 0xFFFF, 0xFFFF, 
    0xFFFF, 0xFFFF, 0xFFFF, 0xFFFF, 0xFFFF, 0xFFFF, 0xFFFF, 0xFFFF, 0xFFFF, 0xFFFF, 0xFFFF, 0xFFFF, 
    0xFFFF, 0xFFFF, 0xFFFF, 0xFFFF, 0xFFFF, 0xFFFF, 0xFFFF, 0xFFFF, 0xFFFF, 0xFFFF, 0xEA5A, 0xFAFF, 
    0xF5DE, 0x71D6, 0x51D6, 0x16E7, 0x9AF7, 0xDBFF, 0x99F7, 0xBAF7, 0x36E7, 0x92D6, 0x0FCE, 0x2FCE, 
    0x51D6, 0x93D6, 0xD4DE, 0xD4DE, 0xD4DE, 0xF5DE, 0xFAFF, 0xB094, 0xFFFF, 0xA210, 0xB094, 0xBACE, 
    0x1243, 0x524B, 0x524B, 0x524B, 0x524B, 0x524B, 0x524B, 0x534B, 0x524B, 0x524B, 0x524B, 0x524B, 
    0x324B, 0x324B, 0x324B, 0x324B, 0x324B, 0x324B, 0x324B, 0x524B, 0x524B, 0x524B, 0x524B, 0x524B, 
    0x324B, 0x324B, 0x524B, 0x524B, 0x524B, 0x524B, 0x7353, 0xF13A, 0x4E2A, 0x9574, 0xC639, 0x2421, 
    0x546C, 0x59E7, 0x16E7, 0x51CE, 0xBAFF, 0x36E7, 0xF4DE, 0x15E7, 0xF5E6, 0x57EF, 0x78EF, 0xF5E6, 
    0x99F7, 0xBAFF, 0x99F7, 0x15E7, 0x92D6, 0x30CE, 0x51CE, 0x30CE, 0x16E7, 0x18E7, 0xFFFF, 0xFFFF, 
    0xFFFF, 0xFFFF, 0xFFFF, 0xFFFF, 0xFFFF, 0xFFFF, 0xFFFF, 0xFFFF, 0xFFFF, 0xFFFF, 0xFFFF, 0xFFFF, 
    0xFFFF, 0xFFFF, 0xFFFF, 0xFFFF, 0xFFFF, 0xFFFF, 0xFFFF, 0xFFFF, 0xFFFF, 0xFFFF, 0xFFFF, 0xFFFF, 
    0xFFFF, 0x684A, 0xFBFF, 0xF4DE, 0xF4E6, 0xF4E6, 0xF5E6, 0x16E7, 0xD5DE, 0x51CE, 0x71D6, 0x51CE, 
    0x30CE, 0x0FCE, 0xB3DE, 0x58EF, 0xDBFF, 0xBAF7, 0xBAFF, 0xBAF7, 0x99F7, 0xFCFF, 0x6F8C, 0xFFFF, 
    0xF8DE, 0x3595, 0x1243, 0x524B, 0x524B, 0x524B, 0x524B, 0x524B, 0x524B, 0x524B, 0x524B, 0x524B, 
    0x524B, 0x524B, 0x524B, 0x324B, 0x324B, 0x324B, 0x324B, 0x324B, 0x324B, 0x324B, 0x524B, 0x524B, 
    0x524B, 0x524B, 0x524B, 0x324B, 0x324B, 0x524B, 0x524B, 0x524B, 0x524B, 0x324B, 0x1464, 0xD584, 
    0x0742, 0x6018, 0x0652, 0xBBF7, 0xBAF7, 0xF5E6, 0x51D6, 0xDAFF, 0x36E7, 0xF5DE, 0x16E7, 0xF5E6, 
    0x57EF, 0x78EF, 0x15E7, 0x99F7, 0x78EF, 0xF5E6, 0x15E7, 0xF5E6, 0xF5E6, 0x15E7, 0x50CE, 0x15E7, 
    0x19E7, 0xFFFF, 0xFFFF, 0xFFFF, 0xFFFF, 0xFFFF, 0xFFFF, 0xFFFF, 0xFFFF, 0xFFFF, 0xFFFF, 0xFFFF, 
    0xFFFF, 0xFFFF, 0xFFFF, 0xFFFF, 0xFFFF, 0xFFFF, 0xFFFF, 0xFFFF, 0xFFFF, 0xFFFF, 0xFFFF, 0xFFFF, 
    0xFFFF, 0xFFFF, 0xFFFF, 0xEA5A, 0x52AD, 0x78F7, 0xF5E6, 0x15E7, 0x15E7, 0xF5E6, 0xD4DE, 0x92D6, 
    0x30CE, 0x30CE, 0x72D6, 0xB3DE, 0xF5E6, 0xF5E6, 0x15E7, 0x15E7, 0x15E7, 0x15E7, 0x15E7, 0xF5E6, 
    0x79F7, 0x14C6, 0xAD73, 0xDAFF, 0x3695, 0xF23A, 0x724B, 0x524B, 0x524B, 0x524B, 0x524B, 0x524B, 
    0x524B, 0x524B, 0x524B, 0x524B, 0x524B, 0x524B, 0x524B, 0x324B, 0x324B, 0x324B, 0x324B, 0x324B, 
    0x524B, 0x524B, 0x524B, 0x524B, 0x524B, 0x524B, 0x524B, 0x524B, 0x524B, 0x524B, 0x524B, 0x524B, 
    0x3243, 0x1464, 0x158D, 0xA541, 0x8631, 0xAE6B, 0xFBFF, 0xDAFF, 0xF5E6, 0x51D6, 0xDAFF, 0x37EF, 
    0xD4DE, 0xB3DE, 0xF5E6, 0x58EF, 0x99F7, 0x16E7, 0xBAF7, 0x78EF, 0xF5E6, 0x15E7, 0x15E7, 0xF4DE, 
    0xB2DE, 0x0FCE, 0x15E7, 0x18E7, 0xFFFF, 0xFFFF, 0xFFFF, 0xFFFF, 0xFFFF, 0xFFFF, 0xFFFF, 0xFFFF, 
    0xFFFF, 0xFFFF, 0xFFFF, 0xFFFF, 0xFFFF, 0xFFFF, 0xFFFF, 0xFFFF, 0xFFFF, 0xFFFF, 0xFFFF, 0xFFFF, 
    0xFFFF, 0xFFFF, 0xFFFF, 0xFFFF, 0xFFFF, 0xFFFF, 0x97D6, 0xFBFF, 0xD4DE, 0x15E7, 0xF5E6, 0xF5E6, 
    0x15E7, 0x51D6, 0x0FCE, 0x30CE, 0x0FCE, 0xB3DE, 0x57EF, 0xDBFF, 0x57EF, 0xB3DE, 0x0FCE, 0x2FCE, 
    0x0FCE, 0x0FCE, 0x0FCE, 0xB3DE, 0x99F7, 0xFDFF, 0xFBFF, 0x3695, 0x1243, 0x7253, 0x524B, 0x524B, 
    0x524B, 0x524B, 0x524B, 0x524B, 0x524B, 0x524B, 0x524B, 0x524B, 0x524B, 0x324B, 0x524B, 0x524B, 
    0x524B, 0x524B, 0x524B, 0x524B, 0x524B, 0x524B, 0x524B, 0x524B, 0x524B, 0x524B, 0x524B, 0x524B, 
    0x524B, 0x524B, 0x524B, 0x1143, 0xF363, 0xF584, 0xA539, 0xED4A, 0x568D, 0xDBFF, 0xDBFF, 0x15E7, 
    0x51D6, 0xBAF7, 0x57EF, 0xB2D6, 0x30CE, 0xF4DE, 0x79F7, 0xBAF7, 0x16E7, 0xBAF7, 0x79EF, 0xF5E6, 
    0x15E7, 0x15E7, 0xD3DE, 0x0FCE, 0x0FCE, 0x14E7, 0x18E7, 0xFFFF, 0xFFFF, 0xFFFF, 0xFFFF, 0xFFFF, 
    0xFFFF, 0xFFFF, 0xFFFF, 0xFFFF, 0xFFFF, 0xFFFF, 0xFFFF, 0xFFFF, 0xFFFF, 0xFFFF, 0xFFFF, 0xFFFF, 
    0xFFFF, 0xFFFF, 0xFFFF, 0xFFFF, 0xFFFF, 0xFFFF, 0xFFFF, 0xFFFF, 0xFFFF, 0xF5C5, 0xB9FF, 0xF5DE, 
    0x15E7, 0x16E7, 0xF5E6, 0x51CE, 0x2FCE, 0x51D6, 0xF4DE, 0x78F7, 0xF5E6, 0x72D6, 0x72D6, 0x71D6, 
    0x51D6, 0x30CE, 0x30CE, 0x30CE, 0x30CE, 0x30CE, 0x51D6, 0xB3DE, 0x37E7, 0xBBF7, 0x9BF7, 0xF7B5, 
    0xD13A, 0xF242, 0x1243, 0x524B, 0x524B, 0x524B, 0x524B, 0x524B, 0x524B, 0x524B, 0x524B, 0x524B, 
    0x524B, 0x524B, 0x524B, 0x524B, 0x524B, 0x524B, 0x524B, 0x524B, 0x524B, 0x524B, 0x524B, 0x524B, 
    0x524B, 0x524B, 0x524B, 0x524B, 0x524B, 0x324B, 0x556C, 0xF16B, 0x8952, 0x6018, 0xB094, 0x7BEF, 
    0xBBF7, 0x58EF, 0xB4DE, 0x51D6, 0xBAFF, 0x57EF, 0x92D6, 0x0FCE, 0x78F7, 0x78EF, 0x16E7, 0x16E7, 
    0xBAF7, 0x79F7, 0xF5DE, 0x16E7, 0x92D6, 0x2FCE, 0x30CE, 0xEECD, 0x15E7, 0xF8E6, 0xFFFF, 0xFFFF, 
    0xFFFF, 0xFFFF, 0xFFFF, 0xFFFF, 0xFFFF, 0xFFFF, 0xFFFF, 0xFFFF, 0xFFFF, 0xFFFF, 0xFFFF, 0xFFFF, 
    0xFFFF, 0xFFFF, 0xFFFF, 0xFFFF, 0xFFFF, 0xFFFF, 0xFFFF, 0xFFFF, 0xFFFF, 0xFFFF, 0xFFFF, 0xFFFF, 
    0x15C6, 0xD9FF, 0xF4DE, 0x15E7, 0xF5DE, 0xB3DE, 0x30CE, 0x50CE, 0xB2D6, 0x15E7, 0x57EF, 0xB3DE, 
    0x50D6, 0x30CE, 0x30CE, 0x51D6, 0x92D6, 0x92D6, 0x51D6, 0x30CE, 0x30CE, 0x30CE, 0x71D6, 0xD4DE, 
    0x36E7, 0x77F7, 0x96D6, 0x5474, 0x9484, 0xF363, 0x524B, 0x524B, 0x524B, 0x524B, 0x524B, 0x524B, 
    0x524B, 0x524B, 0x524B, 0x524B, 0x524B, 0x524B, 0x524B, 0x524B, 0x524B, 0x524B, 0x524B, 0x524B, 
    0x524B, 0x524B, 0x524B, 0x524B, 0x524B, 0x524B, 0x524B, 0x524B, 0x324B, 0xF684, 0x307C, 0xE641, 
    0xC220, 0x72B5, 0xFBFF, 0x58EF, 0x36E7, 0xB4DE, 0xB3D6, 0xBAFF, 0x57EF, 0xB3DE, 0x71D6, 0xB9F7, 
    0x78EF, 0xF5DE, 0x15E7, 0xBAF7, 0x78F7, 0xF5DE, 0x16E7, 0xB3DE, 0x51D6, 0x71D6, 0x51D6, 0xF4E6, 
    0xF7E6, 0xC95A, 0x8210, 0xFFFF, 0xFFFF, 0xFFFF, 0xFFFF, 0xFFFF, 0xFFFF, 0xFFFF, 0xFFFF, 0xFFFF, 
    0xFFFF, 0xFFFF, 0xFFFF, 0xFFFF, 0xFFFF, 0xFFFF, 0xFFFF, 0xFFFF, 0xFFFF, 0xFFFF, 0xFFFF, 0xFFFF, 
    0xFFFF, 0xFFFF, 0xFFFF, 0x15C6, 0xD9FF, 0xD5DE, 0x16E7, 0x93D6, 0x0FCE, 0x0FCE, 0xD3DE, 0x15E7, 
    0xF4E6, 0x0FCE, 0x0FCE, 0x2FCE, 0x2FCE, 0x0FCE, 0x92D6, 0x36E7, 0x36E7, 0x93D6, 0x30CE, 0x30CE, 
    0x30CE, 0x30CE, 0x30CE, 0x2FCE, 0xEFC5, 0x72D6, 0xFBFF, 0xFCFF, 0xB7AD, 0xD13A, 0x324B, 0x1243, 
    0x1243, 0x324B, 0x324B, 0x524B, 0x524B, 0x524B, 0x524B, 0x524B, 0x524B, 0x524B, 0x524B, 0x524B, 
    0x524B, 0x524B, 0x524B, 0x524B, 0x524B, 0x524B, 0x524B, 0x524B, 0x524B, 0x324B, 0x324B, 0xF142, 
    0x168D, 0x7184, 0x274A, 0xC641, 0xB3BD, 0xD9FF, 0xD4DE, 0xF5E6, 0x15E7, 0x37E7, 0xDBFF, 0x57EF, 
    0xF4DE, 0x15E7, 0xBAF7, 0x57EF, 0xF5E6, 0xF5E6, 0x9AF7, 0x78F7, 0xF5E6, 0xF5E6, 0x16E7, 0x15E7, 
    0x15E7, 0x15E7, 0xF5E6, 0x15E7, 0xFCFF, 0xC639, 0xFFFF, 0xFFFF, 0xFFFF, 0xFFFF, 0xFFFF, 0xFFFF, 
    0xFFFF, 0xFFFF, 0xFFFF, 0xFFFF, 0xFFFF, 0xFFFF, 0xFFFF, 0xFFFF, 0xFFFF, 0xFFFF, 0xFFFF, 0xFFFF, 
    0xFFFF, 0xFFFF, 0xFFFF, 0xFFFF, 0xFFFF, 0xFFFF, 0x15C6, 0xD9FF, 0xD5DE, 0x16E7, 0x92D6, 0x30CE, 
    0xD3DE, 0xF4E6, 0xB3DE, 0x50D6, 0x30CE, 0x2FCE, 0x50D6, 0xD3DE, 0xD3DE, 0x92DE, 0x71D6, 0x72D6, 
    0x51D6, 0x30CE, 0x30CE, 0x30CE, 0x30CE, 0x30CE, 0x30CE, 0x30CE, 0x51D6, 0x93D6, 0x37EF, 0xF9DE, 
    0x99CE, 0x99CE, 0xB9CE, 0xD7AD, 0x1464, 0x556C, 0x9353, 0x1243, 0x324B, 0x524B, 0x524B, 0x524B, 
    0x524B, 0x524B, 0x524B, 0x524B, 0x324B, 0x124B, 0x1243, 0x1243, 0x1243, 0x1243, 0x324B, 0xD574, 
    0xF89D, 0x59B6, 0xF8A5, 0xF8AD, 0xAF73, 0x4331, 0xD4BD, 0xD6DE, 0x36E7, 0xF5E6, 0xF5E6, 0x37EF, 
    0x99F7, 0x57EF, 0x16E7, 0x15E7, 0x15E7, 0xBAF7, 0x57EF, 0xF5E6, 0x99F7, 0xBAF7, 0x78EF, 0xF5E6, 
    0x15E7, 0xF5E6, 0x15E7, 0x16E7, 0x92D6, 0x51D6, 0x92D6, 0xDAFF, 0xA531, 0xFFFF, 0xFFFF, 0xFFFF, 
    0xFFFF, 0xFFFF, 0xFFFF, 0xFFFF, 0xFFFF, 0xFFFF, 0xFFFF, 0xFFFF, 0xFFFF, 0xFFFF, 0xFFFF, 0xFFFF, 
    0xFFFF, 0xFFFF, 0xFFFF, 0xFFFF, 0xFFFF, 0xFFFF, 0xFFFF, 0xFFFF, 0xFFFF, 0x15C6, 0xD9FF, 0xD4DE, 
    0x15E7, 0x92D6, 0x71D6, 0x15E7, 0x15E7, 0xB2DE, 0x0FCE, 0x30CE, 0x51D6, 0x93D6, 0x16E7, 0xF5E6, 
    0x92D6, 0x0FCE, 0x30CE, 0x30CE, 0x30CE, 0x30CE, 0x30CE, 0x30CE, 0x30CE, 0x30CE, 0x30CE, 0x51D6, 
    0x71D6, 0x16E7, 0x78F7, 0xB9FF, 0x98F7, 0xD8FF, 0xF8DE, 0x5695, 0x979D, 0xB584, 0xF363, 0xB35B, 
    0x7353, 0x524B, 0x524B, 0x524B, 0x524B, 0x524B, 0x524B, 0xB353, 0xD35B, 0xD35B, 0xD35B, 0xD35B, 
    0xD35B, 0xF363, 0xF79D, 0x57AE, 0x98B6, 0x7BD7, 0x38B6, 0x6D6B, 0x0229, 0xBAF7, 0x77EF, 0xD5DE, 
    0x16E7, 0xF5E6, 0x57EF, 0xBAF7, 0xF5E6, 0x15E7, 0x15E7, 0x16E7, 0xBAF7, 0x78EF, 0x36E7, 0xBAFF, 
    0xDAFF, 0x78EF, 0xF5E6, 0x15E7, 0x15E7, 0xF5E6, 0xF5E6, 0x51D6, 0x0FCE, 0x51D6, 0xDBFF, 0xA531, 
    0xFFFF, 0xFFFF, 0xFFFF, 0xFFFF, 0xFFFF, 0xFFFF, 0xFFFF, 0xFFFF, 0xFFFF, 0xFFFF, 0xFFFF, 0xFFFF, 
    0xFFFF, 0xFFFF, 0xFFFF, 0xFFFF, 0xFFFF, 0xFFFF, 0xFFFF, 0xFFFF, 0xFFFF, 0xFFFF, 0xFFFF, 0xFFFF, 
    0x15C6, 0xB9FF, 0xF4DE, 0x15E7, 0xF5E6, 0xF5E6, 0xF5E6, 0x15E7, 0xB3DE, 0x0FCE, 0x0FCE, 0xB3DE, 
    0x36E7, 0x16E7, 0x71D6, 0x30CE, 0x30CE, 0x30CE, 0x30CE, 0x30CE, 0x30CE, 0x30CE, 0x30CE, 0x30CE, 
    0x30CE, 0x30CE, 0x72D6, 0x15E7, 0xBAF7, 0xF5E6, 0x0FCE, 0x30CE, 0xEEC5, 0x92D6, 0xDBFF, 0xBAF7, 
    0xFCFF, 0x5BE7, 0xD67C, 0x534B, 0xF142, 0x324B, 0x524B, 0x324B, 0x1243, 0x124B, 0x978D, 0x99AE, 
    0x3BC7, 0x9CD7, 0x9CD7, 0x9CD7, 0x7BD7, 0xFDE7, 0x6D53, 0x2922, 0x7CD7, 0x54A5, 0x895A, 0xC120, 
    0x59EF, 0x57EF, 0xF5E6, 0x15E7, 0xF5E6, 0x57EF, 0xB9F7, 0x15E7, 0x15E7, 0x15E7, 0x15E7, 0xBAF7, 
    0xDAFF, 0xBAF7, 0xBAF7, 0xDAFF, 0x78EF, 0xF5DE, 0xF5E6, 0x36E7, 0xF5DE, 0x30CE, 0x50CE, 0x30CE, 
    0x51D6, 0xDAFF, 0xA531, 0xFFFF, 0xFFFF, 0xFFFF, 0xFFFF, 0xFFFF, 0xFFFF, 0xFFFF, 0xFFFF, 0xFFFF, 
    0xFFFF, 0xFFFF, 0xFFFF, 0xFFFF, 0xFFFF, 0xFFFF, 0xFFFF, 0xFFFF, 0xFFFF, 0xFFFF, 0xFFFF, 0xFFFF, 
    0xFFFF, 0xFFFF, 0xFFFF, 0x35C6, 0xD9FF, 0xD4DE, 0x15E7, 0x15E7, 0x15E7, 0xF5E6, 0x15E7, 0xD4DE, 
    0xB3DE, 0xB3DE, 0xF4DE, 0xF5E6, 0x93D6, 0x51CE, 0x30CE, 0x30CE, 0x30CE, 0x30CE, 0x30CE, 0x30CE, 
    0x30CE, 0x30CE, 0x30CE, 0x50CE, 0x30CE, 0x92D6, 0x78EF, 0xF5E6, 0x92D6, 0x30CE, 0x2FCE, 0xB3DE, 
    0x36EF, 0x78EF, 0x57EF, 0x78EF, 0x38E7, 0x99C6, 0x17B6, 0x168D, 0xF45B, 0x324B, 0x956C, 0x778D, 
    0x5785, 0xB364, 0x1054, 0x8E53, 0xCF5B, 0xCE5B, 0xAE5B, 0x8D53, 0xAE5B, 0x4A22, 0x2D3B, 0x7BD7, 
    0x759D, 0xB294, 0x11AD, 0x79EF, 0x36EF, 0xF4E6, 0x15E7, 0xF4E6, 0x57EF, 0xBAF7, 0x15E7, 0xF5E6, 
    0x37E7, 0x99F7, 0xDBFF, 0x99F7, 0x57EF, 0xBAF7, 0xDAFF, 0x78EF, 0xF4DE, 0x16E7, 0xD4DE, 0x72D6, 
    0x30CE, 0x30CE, 0x2FCE, 0x50CE, 0xDAFF, 0xC639, 0xFFFF, 0xFFFF, 0xFFFF, 0xFFFF, 0xFFFF, 0xFFFF, 
    0xFFFF, 0xFFFF, 0xFFFF, 0xFFFF, 0xFFFF, 0xFFFF, 0xFFFF, 0xFFFF, 0xFFFF, 0xFFFF, 0xFFFF, 0xFFFF, 
    0xFFFF, 0xFFFF, 0xFFFF, 0xFFFF, 0xFFFF, 0xFFFF, 0x93B5, 0x57EF, 0xD4DE, 0xF5E6, 0x15E7, 0xF5E6, 
    0xF5E6, 0xF5E6, 0x15E7, 0x15E7, 0x15E7, 0x15E7, 0xD3DE, 0x30CE, 0x30CE, 0x30CE, 0x30CE, 0x30CE, 
    0x30CE, 0x30CE, 0x30CE, 0x30CE, 0x30CE, 0x30CE, 0x30CE, 0x30CE, 0xB3DE, 0xBAFF, 0x51D6, 0x2FCE, 
    0x51CE, 0x30CE, 0x57EF, 0xB9F7, 0x15E7, 0xF4DE, 0xD4DE, 0x16E7, 0xB9FF, 0xFAFF, 0xD9CE, 0xD67C, 
    0x935B, 0x5685, 0x98A6, 0x579E, 0x8E3B, 0xE809, 0xC400, 0xE400, 0xE400, 0x0401, 0x0501, 0xC400, 
    0xE811, 0x1054, 0x3BCF, 0x7695, 0x58BE, 0xFCFF, 0x78EF, 0x36E7, 0x15E7, 0x15E7, 0xF5E6, 0x57EF, 
    0xB9F7, 0x15E7, 0x15E7, 0x58EF, 0xDBFF, 0xBBF7, 0x58EF, 0x16E7, 0xBAF7, 0xDAFF, 0x78EF, 0xF4DE, 
    0x16E7, 0x92D6, 0x30CE, 0x30CE, 0x30CE, 0x2FCE, 0x50CE, 0xD9FF, 0x4429, 0xFFFF, 0xFFFF, 0xFFFF, 
    0xFFFF, 0xFFFF, 0xFFFF, 0xFFFF, 0xFFFF, 0xFFFF, 0xFFFF, 0xFFFF, 0xFFFF, 0xFFFF, 0xFFFF, 0xFFFF, 
    0xFFFF, 0xFFFF, 0xFFFF, 0xFFFF, 0xFFFF, 0xFFFF, 0xFFFF, 0xFFFF, 0xFFFF, 0xFFFF, 0x4B6B, 0xFCFF, 
    0xF5E6, 0xF4DE, 0xF5E6, 0xF5E6, 0xF5E6, 0xF5E6, 0xF5E6, 0xF5E6, 0x15E7, 0xD3DE, 0x2FCE, 0x30CE, 
    0x30CE, 0x30CE, 0x30CE, 0x30CE, 0x30CE, 0x30CE, 0x30CE, 0x30CE, 0x30CE, 0x0FCE, 0x15E7, 0x98F7, 
    0xF5E6, 0x71D6, 0x30CE, 0x71D6, 0xF5DE, 0xBAF7, 0x58EF, 0x30CE, 0x50CE, 0x50D6, 0x50CE, 0x30CE, 
    0x58EF, 0xDBFF, 0xDCFF, 0xFDFF, 0x506C, 0xC809, 0x4611, 0x4509, 0x4509, 0x2501, 0x2501, 0xC400, 
    0x0812, 0x514C, 0x8E33, 0x7485, 0xFABE, 0x3AC7, 0x368D, 0xD7AD, 0xDBFF, 0xBAF7, 0xBAFF, 0xBAFF, 
    0xBAFF, 0xBAF7, 0xDAFF, 0xDAFF, 0xB9F7, 0xDAFF, 0x99F7, 0x16E7, 0x51CE, 0xB3DE, 0x58EF, 0xBAF7, 
    0xDAFF, 0x78EF, 0xF5DE, 0x16E7, 0x92D6, 0x0FCE, 0x30CE, 0x30CE, 0x2FCE, 0x2FCE, 0x50CE, 0x92B5, 
    0xCD7B, 0xFFFF, 0xFFFF, 0xFFFF, 0xFFFF, 0xFFFF, 0xFFFF, 0xFFFF, 0xFFFF, 0xFFFF, 0xFFFF, 0xFFFF, 
    0xFFFF, 0xFFFF, 0xFFFF, 0xFFFF, 0xFFFF, 0xFFFF, 0xFFFF, 0xFFFF, 0xFFFF, 0xFFFF, 0xFFFF, 0xFFFF, 
    0xFFFF, 0x8531, 0x8F94, 0xB5DE, 0x36E7, 0xF5DE, 0xF5E6, 0xF5E6, 0xF5E6, 0xF5E6, 0x15E7, 0x15E7, 
    0xF4DE, 0x72D6, 0x92D6, 0x71D6, 0x30CE, 0x30CE, 0x30CE, 0x30CE, 0x30CE, 0x30CE, 0x30CE, 0x50CE, 
    0x71D6, 0x57EF, 0x78F7, 0x92D6, 0x50CE, 0x2FCE, 0x71D6, 0x57EF, 0x58EF, 0xF5E6, 0x30CE, 0x30CE, 
    0x30CE, 0x50D6, 0x92D6, 0xF7D6, 0xB8C6, 0xF5AD, 0xF5B5, 0x2C43, 0x4601, 0x0401, 0x0401, 0x2509, 
    0xC811, 0x8A2A, 0xEB3A, 0x0F5C, 0x757D, 0x1375, 0x57A6, 0x1AC7, 0x37AE, 0xF7AD, 0xB8CE, 0xDBFF, 
    0x99F7, 0x99F7, 0x99F7, 0x99F7, 0x78F7, 0x57EF, 0x36E7, 0xBAF7, 0x78EF, 0x15E7, 0xB3DE, 0x71D6, 
    0xB3DE, 0x37EF, 0xBAF7, 0xDBFF, 0x78EF, 0xF5E6, 0x16E7, 0xB3DE, 0x71D6, 0x30CE, 0x30CE, 0x30CE, 
    0x30CE, 0x0FC6, 0xFBFF, 0x15C6, 0xFFFF, 0xFFFF, 0xFFFF, 0xFFFF, 0xFFFF, 0xFFFF, 0xFFFF, 0xFFFF, 
    0xFFFF, 0xFFFF, 0xFFFF, 0xFFFF, 0xFFFF, 0xFFFF, 0xFFFF, 0xFFFF, 0xFFFF, 0xFFFF, 0xFFFF, 0xFFFF, 
    0xFFFF, 0xFFFF, 0xFFFF, 0xFFFF, 0xFFFF, 0xFFFF, 0x96D6, 0x77EF, 0xB4DE, 0x15E7, 0xF5E6, 0xF5E6, 
    0xF5E6, 0xF5E6, 0xF5E6, 0x15E7, 0x15E7, 0x16E7, 0xB3DE, 0x0FCE, 0x2FCE, 0x2FCE, 0x30CE, 0x30CE, 
    0x30CE, 0x30CE, 0x51D6, 0x15E7, 0x99F7, 0x57EF, 0x0FCE, 0x30CE, 0x0FCE, 0x51D6, 0xDBFF, 0xB3DE, 
    0x2FCE, 0x51CE, 0x50CE, 0x30CE, 0x71D6, 0x57EF, 0x36A6, 0x304C, 0x0902, 0x0501, 0x0501, 0x2501, 
    0x2509, 0x0401, 0xA709, 0x4D33, 0x136D, 0xF9BE, 0xBCDF, 0x7BD7, 0x5BD7, 0x5BCF, 0x78B6, 0x307C, 
    0x38E7, 0xFBFF, 0x9AF7, 0x16E7, 0x15E7, 0x16E7, 0x16E7, 0xF5DE, 0x72D6, 0x30CE, 0xDAFF, 0x92D6, 
    0xEEC5, 0x30CE, 0x15E7, 0x16E7, 0x37E7, 0xBBFF, 0xDBFF, 0x78EF, 0xF5E6, 0x15E7, 0x15E7, 0xF4DE, 
    0x30CE, 0x30CE, 0x30CE, 0x30CE, 0x10CE, 0x99F7, 0xB4B5, 0xFFFF, 0xFFFF, 0xFFFF, 0xFFFF, 0xFFFF, 
    0xFFFF, 0xFFFF, 0xFFFF, 0xFFFF, 0xFFFF, 0xFFFF, 0xFFFF, 0xFFFF, 0xFFFF, 0xFFFF, 0xFFFF, 0xFFFF, 
    0xFFFF, 0xFFFF, 0xFFFF, 0xFFFF, 0xFFFF, 0xFFFF, 0xFFFF, 0xFFFF, 0xFFFF, 0x0321, 0xD09C, 0xFCFF, 
    0xD5DE, 0xF5E6, 0xF5E6, 0xF5E6, 0xF5E6, 0xF5E6, 0xF5E6, 0xF5E6, 0xF5E6, 0xF4DE, 0xD4DE, 0xD3DE, 
    0xD4DE, 0xB3DE, 0x30CE, 0x30CE, 0x30CE, 0x51D6, 0xF5E6, 0x37E7, 0xF5E6, 0x30CE, 0x2FCE, 0xD3DE, 
    0x77EF, 0x36E7, 0x92D6, 0x30CE, 0x50CE, 0x30CE, 0xB3DE, 0xB5CE, 0xB595, 0xAE43, 0x291A, 0x6609, 
    0x4609, 0x4501, 0x2501, 0x2501, 0x2501, 0x4609, 0x8609, 0xC719, 0x0822, 0xCB3A, 0x3054, 0x5AE7, 
    0xFCFF, 0xDBF7, 0x9AF7, 0x137D, 0x948D, 0x9AE7, 0x99EF, 0xBAF7, 0xBAF7, 0xBAF7, 0xBAF7, 0xF5E6, 
    0x30CE, 0xBAFF, 0x16E7, 0xB3DE, 0xD4DE, 0x15E7, 0x15E7, 0x37EF, 0xBAF7, 0xDBFF, 0x78EF, 0xF4DE, 
    0x15E7, 0x15E7, 0xD4DE, 0x30CE, 0x30CE, 0x30CE, 0x50CE, 0x0FCE, 0xB9FF, 0xB4B5, 0xFFFF, 0xFFFF, 
    0xFFFF, 0xFFFF, 0xFFFF, 0xFFFF, 0xFFFF, 0xFFFF, 0xFFFF, 0xFFFF, 0xFFFF, 0xFFFF, 0xFFFF, 0xFFFF, 
    0xFFFF, 0xFFFF, 0xFFFF, 0xFFFF, 0xFFFF, 0xFFFF, 0xFFFF, 0xFFFF, 0xFFFF, 0xFFFF, 0xFFFF, 0xFFFF, 
    0xFFFF, 0x484A, 0x32A5, 0x16E7, 0x16E7, 0x16E7, 0x15E7, 0x15E7, 0xF5E6, 0xF5E6, 0xF5E6, 0xF5E6, 
    0x15E7, 0x15E7, 0x15E7, 0x15E7, 0xF4DE, 0x51D6, 0x71D6, 0x51D6, 0x51D6, 0x36E7, 0x16E7, 0xB4DE, 
    0x72D6, 0x30CE, 0x16E7, 0xDAFF, 0xF4DE, 0x71D6, 0x2FCE, 0x50CE, 0x30CE, 0x15E7, 0xD7CE, 0xD264, 
    0x8A1A, 0x4601, 0x0401, 0x2501, 0x2501, 0x2501, 0x2501, 0x2501, 0x2501, 0x0501, 0xE400, 0xA300, 
    0x2501, 0x8A22, 0xB4AD, 0x56C6, 0x56C6, 0x97CE, 0x6D43, 0x3054, 0x19CF, 0x9AF7, 0xBAF7, 0x9AF7, 
    0x9AF7, 0xFCFF, 0x16E7, 0x51D6, 0xBAFF, 0x37EF, 0xF5E6, 0x15E7, 0x16E7, 0x15E7, 0x37EF, 0xBAF7, 
    0xBAFF, 0x78F7, 0x15E7, 0xF5E6, 0x15E7, 0xD4DE, 0x30CE, 0x30CE, 0x30CE, 0x50CE, 0x0FCE, 0x98F7, 
    0xB3B5, 0xFFFF, 0xFFFF, 0xFFFF, 0xFFFF, 0xFFFF, 0xFFFF, 0xFFFF, 0xFFFF, 0xFFFF, 0xFFFF, 0xFFFF, 
    0xFFFF, 0xFFFF, 0xFFFF, 0xFFFF, 0xFFFF, 0xFFFF, 0xFFFF, 0xFFFF, 0xFFFF, 0xFFFF, 0xFFFF, 0xFFFF, 
    0xFFFF, 0xFFFF, 0xFFFF, 0xFFFF, 0xFFFF, 0xE318, 0xFDFF, 0xFCFF, 0xD9FF, 0xF4DE, 0xF5DE, 0xF5E6, 
    0xF5E6, 0xF5E6, 0xF5E6, 0xF5E6, 0xF5E6, 0xF5E6, 0xF5E6, 0xF5E6, 0x15E7, 0x16E7, 0xB3DE, 0x30CE, 
    0xBAF7, 0xF5E6, 0x72D6, 0x16E7, 0x50CE, 0x15E7, 0xBAF7, 0xF4E6, 0x71D6, 0x2FCE, 0x30CE, 0x0FCE, 
    0x57F7, 0xF9D6, 0x8E2B, 0xC711, 0x0501, 0x2501, 0x2501, 0x2501, 0x2501, 0x2501, 0x2501, 0x2501, 
    0x2509, 0x2509, 0x2509, 0x0509, 0x0401, 0xE400, 0x0401, 0x2501, 0x2501, 0xC400, 0x8A2A, 0xB585, 
    0x79EF, 0x57EF, 0xF5E6, 0x15E7, 0xBBF7, 0x58EF, 0xD3DE, 0xDAFF, 0x37EF, 0xF4DE, 0x15E7, 0xF5E6, 
    0xF5E6, 0x36E7, 0xBBFF, 0xBAFF, 0xBAFF, 0xBAF7, 0x15E7, 0x15E7, 0xD4DE, 0x30CE, 0x30CE, 0x30CE, 
    0x30CE, 0xEFCD, 0xB8FF, 0x93B5, 0xFFFF, 0xFFFF, 0xFFFF, 0xFFFF, 0xFFFF, 0xFFFF, 0xFFFF, 0xFFFF, 
    0xFFFF, 0xFFFF, 0xFFFF, 0xFFFF, 0xFFFF, 0xFFFF, 0xFFFF, 0xFFFF, 0xFFFF, 0xFFFF, 0xFFFF, 0xFFFF, 
    0xFFFF, 0xFFFF, 0xFFFF, 0xFFFF, 0xFFFF, 0xFFFF, 0xFFFF, 0xFFFF, 0x8210, 0xC95A, 0xA95A, 0xCD7B, 
    0xD9FF, 0xB9F7, 0x56EF, 0xF4DE, 0xF5E6, 0xF5E6, 0xF5E6, 0xF5E6, 0xF5E6, 0xF5E6, 0xF5E6, 0xF5E6, 
    0x15E7, 0xF4DE, 0xB3DE, 0xBAFF, 0xD4DE, 0x93D6, 0x99F7, 0x51CE, 0xF5E6, 0xBAF7, 0xF5E6, 0x71D6, 
    0x2FCE, 0x30CE, 0xEFC5, 0x56F7, 0xF8D6, 0x8E33, 0xC711, 0x0501, 0x2509, 0x2501, 0x2501, 0x2501, 
    0x2501, 0x2501, 0x2501, 0x2501, 0x2501, 0x2501, 0x2501, 0x0501, 0x0401, 0x0401, 0x0501, 0x2501, 
    0xC809, 0xCF4B, 0x97AE, 0x99EF, 0x57EF, 0xF5DE, 0x15E7, 0xBAF7, 0x58EF, 0xF5DE, 0xDBFF, 0x37EF, 
    0xF5DE, 0xF5E6, 0x78EF, 0x98F7, 0x78F7, 0x78EF, 0x78EF, 0x99F7, 0xBAF7, 0x15E7, 0x15E7, 0xF5E6, 
    0xD4DE, 0x51D6, 0x30CE, 0x30CE, 0x0FCE, 0x92DE, 0x12C6, 0x0E84, 0x8210, 0xFFFF, 0xFFFF, 0xFFFF, 
    0xFFFF, 0xFFFF, 0xFFFF, 0xFFFF, 0xFFFF, 0xFFFF, 0xFFFF, 0xFFFF, 0xFFFF, 0xFFFF, 0xFFFF, 0xFFFF, 
    0xFFFF, 0xFFFF, 0xFFFF, 0xFFFF, 0xFFFF, 0xFFFF, 0xFFFF, 0xFFFF, 0xFFFF, 0xFFFF, 0xFFFF, 0xFFFF, 
    0xFFFF, 0xFFFF, 0x2421, 0x18E7, 0xD7DE, 0xD5DE, 0xF5DE, 0xF5E6, 0x15E7, 0x15E7, 0xF5E6, 0xF5E6, 
    0xF5E6, 0xF5E6, 0xF5E6, 0xF5E6, 0xF5E6, 0x15E7, 0xBAFF, 0xD4DE, 0x92D6, 0xBAFF, 0x72D6, 0xF6E6, 
    0xBAF7, 0xF5E6, 0x71D6, 0x2FCE, 0x30CE, 0x30CE, 0x16E7, 0x57BE, 0x2D2B, 0xA711, 0x0501, 0x2509, 
    0x2501, 0x2509, 0x2501, 0x2501, 0x2501, 0x2501, 0x2501, 0x2501, 0x2501, 0x4609, 0x6609, 0x6611, 
    0x8611, 0xA711, 0xC719, 0xEC22, 0xF36C, 0x39CF, 0x9AF7, 0x57EF, 0x16E7, 0x16E7, 0xBAF7, 0x78EF, 
    0x16E7, 0xDBFF, 0x58EF, 0x16E7, 0x16E7, 0xBAF7, 0xBAF7, 0x99F7, 0x36E7, 0x36E7, 0x78EF, 0xBAF7, 
    0x16E7, 0xF5E6, 0x16E7, 0x16E7, 0x51CE, 0x2FCE, 0x30CE, 0x30CE, 0xEEC5, 0xB3DE, 0xFCFF, 0x2421, 
    0xFFFF, 0xFFFF, 0xFFFF, 0xFFFF, 0xFFFF, 0xFFFF, 0xFFFF, 0xFFFF, 0xFFFF, 0xFFFF, 0xFFFF, 0xFFFF, 
    0xFFFF, 0xFFFF, 0xFFFF, 0xFFFF, 0xFFFF, 0xFFFF, 0xFFFF, 0xFFFF, 0xFFFF, 0xFFFF, 0xFFFF, 0xFFFF, 
    0xFFFF, 0xFFFF, 0xFFFF, 0xFFFF, 0xFFFF, 0xFFFF, 0xFFFF, 0xFFFF, 0xED7B, 0xFDFF, 0xFBFF, 0xDAFF, 
    0x58EF, 0xF5DE, 0xF5E6, 0xF5E6, 0xF5E6, 0xF5E6, 0x15E7, 0xF5E6, 0xF5E6, 0xBAFF, 0xB3DE, 0xEEC5, 
    0x30CE, 0xD4DE, 0x78EF, 0xBAF7, 0xF5E6, 0x72D6, 0x30CE, 0x30CE, 0xB9FF, 0x748D, 0x2D2B, 0x2912, 
    0x6609, 0x2501, 0x2501, 0x2501, 0x2501, 0x2509, 0x2501, 0x2501, 0x2501, 0x2509, 0x2509, 0x0501, 
    0x0812, 0xCF3B, 0x9585, 0x98AE, 0x1AC7, 0x1AC7, 0xFABE, 0x5AD7, 0xBBFF, 0xBBFF, 0xBAFF, 0xBAFF, 
    0xBAF7, 0xDBFF, 0x58EF, 0xF5E6, 0xBAFF, 0xBAF7, 0xBAF7, 0xBBFF, 0xDBFF, 0x57EF, 0xF4DE, 0x15E7, 
    0xF4DE, 0x57EF, 0xBBFF, 0x16E7, 0xF5E6, 0xF5E6, 0xF5E6, 0x50CE, 0x2FCE, 0x30CE, 0x30CE, 0x0FCE, 
    0xB3DE, 0x9AF7, 0x0321, 0xFFFF, 0xFFFF, 0xFFFF, 0xFFFF, 0xFFFF, 0xFFFF, 0xFFFF, 0xFFFF, 0xFFFF, 
    0xFFFF, 0xFFFF, 0xFFFF, 0xFFFF, 0xFFFF, 0xFFFF, 0xFFFF, 0xFFFF, 0xFFFF, 0xFFFF, 0xFFFF, 0xFFFF, 
    0xFFFF, 0xFFFF, 0xFFFF, 0xFFFF, 0xFFFF, 0xFFFF, 0xFFFF, 0xFFFF, 0xFFFF, 0xFFFF, 0xFFFF, 0xA639, 
    0xED7B, 0xAC73, 0xD7DE, 0xDBFF, 0x58EF, 0x78EF, 0x78EF, 0x57EF, 0xF5E6, 0xF5E6, 0xF5E6, 0x15E7, 
    0xBAF7, 0x37EF, 0xD4DE, 0xF4E6, 0x37EF, 0x58EF, 0x57EF, 0xF5E6, 0x71D6, 0x51D6, 0xB3DE, 0xDAFF, 
    0x948D, 0x2D23, 0x2912, 0x6609, 0x2501, 0x2509, 0x2501, 0x2501, 0x2509, 0x2509, 0x2509, 0x2509, 
    0x2509, 0x2509, 0x2501, 0xA709, 0xAB22, 0xEF4B, 0x7164, 0x916C, 0x716C, 0x7485, 0xB8C6, 0xDBFF, 
    0x58EF, 0x58EF, 0x58EF, 0x58EF, 0x58EF, 0x57EF, 0x58EF, 0xBAF7, 0xBAF7, 0x9AF7, 0x78EF, 0x78EF, 
    0x57EF, 0x36E7, 0x92D6, 0xD3DE, 0x57EF, 0xBBF7, 0x16E7, 0xF5E6, 0xF5E6, 0xF5E6, 0x50D6, 0x2FCE, 
    0x30CE, 0x30CE, 0x0FCE, 0xB3DE, 0xDBFF, 0x2421, 0xFFFF, 0xFFFF, 0xFFFF, 0xFFFF, 0xFFFF, 0xFFFF, 
    0xFFFF, 0xFFFF, 0xFFFF, 0xFFFF, 0xFFFF, 0xFFFF, 0xFFFF, 0xFFFF, 0xFFFF, 0xFFFF, 0xFFFF, 0xFFFF, 
    0xFFFF, 0xFFFF, 0xFFFF, 0xFFFF, 0xFFFF, 0xFFFF, 0xFFFF, 0xFFFF, 0xFFFF, 0xFFFF, 0xFFFF, 0xFFFF, 
    0xFFFF, 0xFFFF, 0xFFFF, 0xFFFF, 0xFFFF, 0xD09C, 0x9AF7, 0xBBF7, 0xBBF7, 0xBBF7, 0x99F7, 0xF5DE, 
    0xF5E6, 0xF5E6, 0x16E7, 0xBAF7, 0xDBFF, 0xDBFF, 0xDAFF, 0xDBFF, 0x57EF, 0xD4DE, 0xF5E6, 0x51D6, 
    0x72D6, 0x36E7, 0xFBFF, 0xB58D, 0x6E2B, 0x4A12, 0x4509, 0x0501, 0x2501, 0x2501, 0x2501, 0x2501, 
    0x2501, 0x2509, 0x2501, 0x2509, 0x2501, 0x2509, 0x2501, 0x2501, 0x090A, 0xE909, 0xA801, 0xA701, 
    0xAE43, 0xF5A5, 0xDBFF, 0xF5DE, 0xF5DE, 0xF5E6, 0xF5E6, 0xD4DE, 0x58EF, 0xDBFF, 0xBAF7, 0xDBFF, 
    0x79F7, 0xF5DE, 0xD4DE, 0x78EF, 0x78F7, 0x0FCE, 0xB3DE, 0x58EF, 0xBBFF, 0x16E7, 0xF5E6, 0xF5E6, 
    0xF5E6, 0x50CE, 0x2FCE, 0x30CE, 0x30CE, 0x2FCE, 0xB3DE, 0xDBFF, 0x2421, 0xFFFF, 0xFFFF, 0xFFFF, 
    0xFFFF, 0xFFFF, 0xFFFF, 0xFFFF, 0xFFFF, 0xFFFF, 0xFFFF, 0xFFFF, 0xFFFF, 0xFFFF, 0xFFFF, 0xFFFF, 
    0xFFFF, 0xFFFF, 0xFFFF, 0xFFFF, 0xFFFF, 0xFFFF, 0xFFFF, 0xFFFF, 0xFFFF, 0xFFFF, 0xFFFF, 0xFFFF, 
    0xFFFF, 0xFFFF, 0xFFFF, 0xFFFF, 0xFFFF, 0xFFFF, 0xFFFF, 0xFFFF, 0xFFFF, 0xAD7B, 0xFCFF, 0x7795, 
    0x3785, 0xF7AD, 0xD9FF, 0xDAFF, 0x78F7, 0xF5E6, 0xDBFF, 0x78EF, 0x15E7, 0x15E7, 0x99F7, 0x57EF, 
    0xD4DE, 0xF5E6, 0xF5DE, 0xF5DE, 0xF6E6, 0xFBFF, 0x7485, 0x0C1B, 0x0912, 0x0912, 0x8709, 0x0501, 
    0x2501, 0x2501, 0x2501, 0x2509, 0x2509, 0x2509, 0x2501, 0x2501, 0x2501, 0x0401, 0x2501, 0x8E33, 
    0xEF3B, 0xCF3B, 0x6E33, 0x77BE, 0x9AF7, 0xBAF7, 0xBAF7, 0xBAF7, 0xBAF7, 0xBAF7, 0xBAF7, 0xBAF7, 
    0x99F7, 0x16E7, 0x36E7, 0x16E7, 0x15E7, 0xF5E6, 0x78F7, 0x79F7, 0x0FCE, 0x30CE, 0xB3DE, 0x37EF, 
    0x99F7, 0x36EF, 0xF4E6, 0xF5E6, 0x50CE, 0x30CE, 0x30CE, 0x30CE, 0x2FCE, 0xD4DE, 0xDCFF, 0x2421, 
    0xFFFF, 0xFFFF, 0xFFFF, 0xFFFF, 0xFFFF, 0xFFFF, 0xFFFF, 0xFFFF, 0xFFFF, 0xFFFF, 0xFFFF, 0xFFFF, 
    0xFFFF, 0xFFFF, 0xFFFF, 0xFFFF, 0xFFFF, 0xFFFF, 0xFFFF, 0xFFFF, 0xFFFF, 0xFFFF, 0xFFFF, 0xFFFF, 
    0xFFFF, 0xFFFF, 0xFFFF, 0xFFFF, 0xFFFF, 0xFFFF, 0xFFFF, 0xFFFF, 0xFFFF, 0xFFFF, 0xFFFF, 0xFFFF, 
    0x6C6B, 0xDCEF, 0xF67C, 0xD674, 0x578D, 0xF9D6, 0xFAD6, 0x18DF, 0x37EF, 0xBBF7, 0x58EF, 0xF5DE, 
    0xF5E6, 0x99F7, 0x57EF, 0xD4DE, 0xF5E6, 0xF5E6, 0xF5E6, 0x16E7, 0xDAFF, 0x36AE, 0x505C, 0xAB22, 
    0x6A1A, 0x0912, 0x8709, 0x8709, 0x4509, 0x2501, 0x2509, 0x2501, 0x2501, 0x2501, 0x2501, 0x2501, 
    0xA711, 0x8A2A, 0x7154, 0xB254, 0xD264, 0x5485, 0x18DF, 0xB9FF, 0x78F7, 0x99F7, 0x99F7, 0x99F7, 
    0x99F7, 0x58EF, 0x79F7, 0xB9F7, 0xF5E6, 0xF5E6, 0xF4DE, 0xD3DE, 0xB3DE, 0x57EF, 0x79F7, 0x72D6, 
    0x30CE, 0x72D6, 0x15E7, 0xBAF7, 0x37EF, 0xF4DE, 0xF5E6, 0x92D6, 0x71D6, 0x30CE, 0x50CE, 0x30CE, 
    0x93D6, 0x58EF, 0x0321, 0xFFFF, 0xFFFF, 0xFFFF, 0xFFFF, 0xFFFF, 0xFFFF, 0xFFFF, 0xFFFF, 0xFFFF, 
    0xFFFF, 0xFFFF, 0xFFFF, 0xFFFF, 0xFFFF, 0xFFFF, 0xFFFF, 0xFFFF, 0xFFFF, 0xFFFF, 0xFFFF, 0xFFFF, 
    0xFFFF, 0xFFFF, 0xFFFF, 0xFFFF, 0xFFFF, 0xFFFF, 0xFFFF, 0xFFFF, 0xFFFF, 0xFFFF, 0xFFFF, 0xFFFF, 
    0xFFFF, 0xFFFF, 0xFFFF, 0x4C5B, 0x5CCF, 0x1685, 0x1785, 0x1785, 0xF67C, 0xD674, 0x38B6, 0xFCFF, 
    0xDBFF, 0x57EF, 0xD4DE, 0xF5DE, 0x99F7, 0x57EF, 0xD4DE, 0xF5E6, 0xF5E6, 0xF5E6, 0x15E7, 0x99F7, 
    0xFBFF, 0x18D7, 0x1044, 0x8B1A, 0x2A0A, 0x6A12, 0x6A1A, 0x6609, 0x0401, 0x2501, 0x2501, 0x2501, 
    0x2509, 0x2509, 0x8709, 0x6E3B, 0x5796, 0xF68D, 0xF68D, 0x57A6, 0xFCFF, 0x36E7, 0xF5DE, 0x15E7, 
    0xF5E6, 0x15E7, 0x15E7, 0x16E7, 0x30CE, 0xD5DE, 0xBAFF, 0xF5E6, 0x15E7, 0xB3DE, 0x2FCE, 0x2FCE, 
    0xD4DE, 0x58EF, 0x36E7, 0x71D6, 0x72D6, 0x15E7, 0xBAF7, 0x37EF, 0xF4DE, 0x15E7, 0x36E7, 0xD4DE, 
    0x30CE, 0x30CE, 0x30CE, 0x30CE, 0x0FC6, 0xB6D6, 0x4B6B, 0xFFFF, 0xFFFF, 0xFFFF, 0xFFFF, 0xFFFF, 
    0xFFFF, 0xFFFF, 0xFFFF, 0xFFFF, 0xFFFF, 0xFFFF, 0xFFFF, 0xFFFF, 0xFFFF, 0xFFFF, 0xFFFF, 0xFFFF, 
    0xFFFF, 0xFFFF, 0xFFFF, 0xFFFF, 0xFFFF, 0xFFFF, 0xFFFF, 0xFFFF, 0xFFFF, 0xFFFF, 0xFFFF, 0xFFFF, 
    0xFFFF, 0xFFFF, 0xFFFF, 0xFFFF, 0xFFFF, 0xFFFF, 0x4C5B, 0x7CCF, 0xB353, 0xB353, 0x556C, 0x378D, 
    0x1785, 0x9795, 0xF8AD, 0xB7A5, 0xD8D6, 0x98F7, 0x78F7, 0xBAFF, 0xBAF7, 0x78EF, 0xF5E6, 0xF5E6, 
    0xF5E6, 0xF5E6, 0x99F7, 0xBAF7, 0x79E7, 0x97BE, 0xD595, 0x925C, 0x0D23, 0x0912, 0xC809, 0xA809, 
    0xE811, 0x4609, 0x2501, 0x2509, 0x2501, 0xA809, 0x6A1A, 0x2C33, 0x0C33, 0xEF43, 0x747D, 0xBBF7, 
    0x36E7, 0xF5E6, 0x16E7, 0x16E7, 0x16E7, 0x15E7, 0xD4DE, 0x51CE, 0xF5E6, 0xBBFF, 0x15E7, 0xB3DE, 
    0x51D6, 0x30CE, 0x30CE, 0xB4DE, 0x36E7, 0x16E7, 0x51D6, 0x71D6, 0x15E7, 0xBAF7, 0x57EF, 0xF5DE, 
    0x15E7, 0x16E7, 0xB3DE, 0x30CE, 0x30CE, 0x30CE, 0x30CE, 0xEFCD, 0xFBFF, 0x0E84, 0xFFFF, 0xFFFF, 
    0xFFFF, 0xFFFF, 0xFFFF, 0xFFFF, 0xFFFF, 0xFFFF, 0xFFFF, 0xFFFF, 0xFFFF, 0xFFFF, 0xFFFF, 0xFFFF, 
    0xFFFF, 0xFFFF, 0xFFFF, 0xFFFF, 0xFFFF, 0xFFFF, 0xFFFF, 0xFFFF, 0xFFFF, 0xFFFF, 0xFFFF, 0xFFFF, 
    0xFFFF, 0xFFFF, 0xFFFF, 0xFFFF, 0xFFFF, 0xFFFF, 0xFFFF, 0xFFFF, 0xFFFF, 0xEA52, 0x99B6, 0x9253, 
    0x524B, 0xB35B, 0x1785, 0xF77C, 0xF67C, 0xF67C, 0x966C, 0x38B6, 0x7AEF, 0x5AE7, 0x5AE7, 0x9BF7, 
    0xBAF7, 0x16E7, 0x16E7, 0xF5E6, 0xF5E6, 0x78F7, 0xBAF7, 0xBAF7, 0xDBFF, 0xFACE, 0xB68D, 0x1044, 
    0xCB2A, 0x8B22, 0x8B1A, 0x8B1A, 0x8709, 0x4609, 0x4609, 0x4609, 0x2912, 0x8B1A, 0x6A22, 0x6A22, 
    0x8E3B, 0x547D, 0xBAF7, 0x36E7, 0xF5E6, 0xF5E6, 0xF5E6, 0xF5E6, 0xF4DE, 0xB3D6, 0x30CE, 0xF5E6, 
    0xBAF7, 0x36E7, 0x71D6, 0x2FCE, 0x30CE, 0x30CE, 0x93D6, 0xF5E6, 0x15E7, 0x50CE, 0x71D6, 0xF5E6, 
    0x99F7, 0x58EF, 0x16E7, 0x15E7, 0x16E7, 0xD4DE, 0x51CE, 0x50CE, 0x30CE, 0x2FCE, 0x0FCE, 0xD9FF, 
    0x4E8C, 0x8210, 0xFFFF, 0xFFFF, 0xFFFF, 0xFFFF, 0xFFFF, 0xFFFF, 0xFFFF, 0xFFFF, 0xFFFF, 0xFFFF, 
    0xFFFF, 0xFFFF, 0xFFFF, 0xFFFF, 0xFFFF, 0xFFFF, 0xFFFF, 0xFFFF, 0xFFFF, 0xFFFF, 0xFFFF, 0xFFFF, 
    0xFFFF, 0xFFFF, 0xFFFF, 0xFFFF, 0xFFFF, 0xFFFF, 0xFFFF, 0xFFFF, 0xFFFF, 0xFFFF, 0xFFFF, 0xFFFF, 
    0xFFFF, 0xA210, 0x7CDF, 0x788D, 0x534B, 0x734B, 0x524B, 0x3564, 0x5785, 0x3785, 0x1785, 0xF684, 
    0x3685, 0xF67C, 0x99C6, 0xFBFF, 0xDAFF, 0xFBFF, 0x98F7, 0xD4DE, 0xD4DE, 0x58EF, 0xBAFF, 0xFBFF, 
    0x7795, 0xD89D, 0x5BCF, 0x5BCF, 0x1375, 0x2D23, 0x0902, 0x2A12, 0x0912, 0x0912, 0x0912, 0x6E2B, 
    0x757D, 0x9CDF, 0x1AC7, 0x1AC7, 0x19CF, 0x16E7, 0x36E7, 0xD4DE, 0x50CE, 0x50CE, 0x50CE, 0x30CE, 
    0x30CE, 0x2FCE, 0xB3D6, 0x57EF, 0xDAFF, 0xB3DE, 0x0FCE, 0x30CE, 0x30CE, 0x30CE, 0x71D6, 0x15E7, 
    0x50D6, 0x2FCE, 0x50D6, 0xF5E6, 0x99F7, 0xBAF7, 0x15E7, 0x15E7, 0x16E7, 0xF5E6, 0x30CE, 0x2FCE, 
    0x30CE, 0x2FCE, 0xB3D6, 0x98F7, 0xD4BD, 0xFFFF, 0xFFFF, 0xFFFF, 0xFFFF, 0xFFFF, 0xFFFF, 0xFFFF, 
    0xFFFF, 0xFFFF, 0xFFFF, 0xFFFF, 0xFFFF, 0xFFFF, 0xFFFF, 0xFFFF, 0xFFFF, 0xFFFF, 0xFFFF, 0xFFFF, 
    0xFFFF, 0xFFFF, 0xFFFF, 0xFFFF, 0xFFFF, 0xFFFF, 0xFFFF, 0xFFFF, 0xFFFF, 0xFFFF, 0xFFFF, 0xFFFF, 
    0xFFFF, 0xFFFF, 0xFFFF, 0xFFFF, 0xFFFF, 0x4C63, 0xAB4A, 0x4C3A, 0x9674, 0x534B, 0x9353, 0x3564, 
    0x1464, 0x9674, 0x1785, 0x1785, 0xF77C, 0xB89D, 0x78BE, 0x58BE, 0x38B6, 0x98CE, 0x77EF, 0x37EF, 
    0x99F7, 0x7AEF, 0x59BE, 0x578D, 0x788D, 0x19A6, 0xF8A5, 0xF795, 0x9585, 0xF374, 0x6E33, 0xEC22, 
    0x0C2B, 0xEC2A, 0xAF33, 0xD25C, 0xF695, 0x5ADF, 0x59DF, 0x17DF, 0x15E7, 0xD4DE, 0x72D6, 0x30CE, 
    0x50CE, 0x30CE, 0x30CE, 0x30CE, 0x2FCE, 0x51D6, 0xD4DE, 0xDBFF, 0xB4DE, 0x0FCE, 0x30CE, 0x30CE, 
    0x30CE, 0x50D6, 0x15E7, 0x50D6, 0x2FCE, 0x50D6, 0xF5E6, 0x99F7, 0xBAF7, 0x15E7, 0x15E7, 0x16E7, 
    0xF5E6, 0x92D6, 0x50CE, 0x2FCE, 0x2FCE, 0x16E7, 0xFBFF, 0x15C6, 0xFFFF, 0xFFFF, 0xFFFF, 0xFFFF, 
    0xFFFF, 0xFFFF, 0xFFFF, 0xFFFF, 0xFFFF, 0xFFFF, 0xFFFF, 0xFFFF, 0xFFFF, 0xFFFF, 0xFFFF, 0xFFFF, 
    0xFFFF, 0xFFFF, 0xFFFF, 0xFFFF, 0xFFFF, 0xFFFF, 0xFFFF, 0xFFFF, 0xFFFF, 0xFFFF, 0xFFFF, 0xFFFF, 
    0xFFFF, 0xFFFF, 0xFFFF, 0xFFFF, 0xFFFF, 0xFFFF, 0xFFFF, 0xFFFF, 0xFFFF, 0xFFFF, 0x4421, 0xB895, 
    0x9353, 0x124B, 0x324B, 0x124B, 0x556C, 0x3785, 0x1785, 0x1785, 0xF77C, 0xD674, 0xD674, 0x966C, 
    0xB79D, 0xDBFF, 0x9AF7, 0xDBFF, 0x1ADF, 0xD674, 0x1785, 0xF67C, 0xD67C, 0xB674, 0x79AE, 0x7CD7, 
    0x5BCF, 0xB25C, 0x304C, 0x514C, 0x304C, 0x304C, 0x1044, 0x0F4C, 0x5AE7, 0x77F7, 0xF4E6, 0x16E7, 
    0x51D6, 0x2FCE, 0x50CE, 0x30CE, 0x30CE, 0x30CE, 0x30CE, 0x30CE, 0x0FCE, 0x51D6, 0xDBFF, 0xB4DE, 
    0x0FCE, 0x30CE, 0x30CE, 0x2FCE, 0x50D6, 0x15E7, 0x51D6, 0x2FCE, 0x51CE, 0xF5E6, 0x99F7, 0xBAF7, 
    0x15E7, 0x16E7, 0x15E7, 0xF5E6, 0x15E7, 0x71D6, 0x0FCE, 0x30CE, 0x79F7, 0xFDFF, 0xF5C5, 0xFFFF, 
    0xFFFF, 0xFFFF, 0xFFFF, 0xFFFF, 0xFFFF, 0xFFFF, 0xFFFF, 0xFFFF, 0xFFFF, 0xFFFF, 0xFFFF, 0xFFFF, 
    0xFFFF, 0xFFFF, 0xFFFF, 0xFFFF, 0xFFFF, 0xFFFF, 0xFFFF, 0xFFFF, 0xFFFF, 0xFFFF, 0xFFFF, 0xFFFF, 
    0xFFFF, 0xFFFF, 0xFFFF, 0xFFFF, 0xFFFF, 0xFFFF, 0xFFFF, 0xFFFF, 0xFFFF, 0xFFFF, 0xFFFF, 0xFFFF, 
    0xFFFF, 0xFFFF, 0xA210, 0x36C6, 0xF8AD, 0xB132, 0x3243, 0x7353, 0xB35B, 0x9353, 0x9353, 0x7574, 
    0x3785, 0x1785, 0x177D, 0x1785, 0x578D, 0x5795, 0x7795, 0x5795, 0x378D, 0x3785, 0x3785, 0x3785, 
    0x1785, 0x1785, 0x3785, 0x1685, 0xF9D6, 0x59E7, 0x59E7, 0x59E7, 0x39E7, 0x39E7, 0x59E7, 0x37E7, 
    0x36E7, 0xF5DE, 0x50D6, 0x30CE, 0x30CE, 0x30CE, 0x30CE, 0x30CE, 0x30CE, 0x30CE, 0x30CE, 0x30CE, 
    0x71D6, 0xDBFF, 0xB4DE, 0x0FCE, 0x30CE, 0x30CE, 0x2FCE, 0x50D6, 0x15E7, 0x50D6, 0x0FCE, 0x51D6, 
    0x15E7, 0x9AF7, 0xBAF7, 0xF5E6, 0xF5E6, 0xF4E6, 0xF5E6, 0x99F7, 0x99F7, 0x99F7, 0x9AF7, 0x72D6, 
    0x57EF, 0x36C6, 0xFFFF, 0xFFFF, 0xFFFF, 0xFFFF, 0xFFFF, 0xFFFF, 0xFFFF, 0xFFFF, 0xFFFF, 0xFFFF, 
    0xFFFF, 0xFFFF, 0xFFFF, 0xFFFF, 0xFFFF, 0xFFFF, 0xFFFF, 0xFFFF, 0xFFFF, 0xFFFF, 0xFFFF, 0xFFFF, 
    0xFFFF, 0xFFFF, 0xFFFF, 0xFFFF, 0xFFFF, 0xFFFF, 0xFFFF, 0xFFFF, 0xFFFF, 0xFFFF, 0xFFFF, 0xFFFF, 
    0xFFFF, 0xFFFF, 0xFFFF, 0xFFFF, 0xFFFF, 0xFFFF, 0x0D84, 0x139D, 0xB584, 0x1695, 0x146C, 0x534B, 
    0x534B, 0x324B, 0xD45B, 0x756C, 0x556C, 0xD67C, 0xF77C, 0xF77C, 0xF77C, 0xF77C, 0xF67C, 0x7574, 
    0x7574, 0x7574, 0x7574, 0xF77C, 0xF77C, 0xF77C, 0xD67C, 0x5AE7, 0xDAFF, 0xBAFF, 0xDBFF, 0xDBFF, 
    0xBAFF, 0x78F7, 0x15E7, 0xD4DE, 0xB3DE, 0x30CE, 0x30CE, 0x30CE, 0x30CE, 0x30CE, 0x30CE, 0x30CE, 
    0x30CE, 0x30CE, 0x2FCE, 0x51D6, 0xDBFF, 0xB4DE, 0x0FCE, 0x30CE, 0x30CE, 0x2FCE, 0x50D6, 0xD3DE, 
    0x92D6, 0x51D6, 0x50CE, 0xB3DE, 0x78EF, 0xBBF7, 0x37EF, 0x36EF, 0x36EF, 0x37EF, 0x79F7, 0x58EF, 
    0x58EF, 0x58EF, 0x30CE, 0x56EF, 0x16C6, 0xFFFF, 0xFFFF, 0xFFFF, 0xFFFF, 0xFFFF, 0xFFFF, 0xFFFF, 
    0xFFFF, 0xFFFF, 0xFFFF, 0xFFFF, 0xFFFF, 0xFFFF, 0xFFFF, 0xFFFF, 0xFFFF, 0xFFFF, 0xFFFF, 0xFFFF, 
    0xFFFF, 0xFFFF, 0xFFFF, 0xFFFF, 0xFFFF, 0xFFFF, 0xFFFF, 0xFFFF, 0xFFFF, 0xFFFF, 0xFFFF, 0xFFFF, 
    0xFFFF, 0xFFFF, 0xFFFF, 0xFFFF, 0xFFFF, 0xFFFF, 0xFFFF, 0xFFFF, 0xFFFF, 0xFFFF, 0xEA62, 0xFDFF, 
    0xFBFF, 0x369D, 0xF242, 0x7353, 0x5353, 0x334B, 0x324B, 0x1243, 0x9674, 0x578D, 0x3785, 0x3785, 
    0x578D, 0xD67C, 0x324B, 0x334B, 0x324B, 0x534B, 0x1785, 0x3785, 0x1785, 0x1785, 0x39E7, 0xDAFF, 
    0xDAFF, 0x9AF7, 0xBAF7, 0x79EF, 0xF5DE, 0x36E7, 0x92D6, 0x2FCE, 0x50CE, 0x30CE, 0x30CE, 0x30CE, 
    0x30CE, 0x30CE, 0x50CE, 0x30CE, 0x30CE, 0x2FCE, 0x51D6, 0xDBFF, 0xB4DE, 0x0FCE, 0x30CE, 0x30CE, 
    0x30CE, 0x30CE, 0x2FCE, 0xF5E6, 0xD4DE, 0x2FCE, 0x0FCE, 0x16E7, 0xDBFF, 0xBAFF, 0xBAFF, 0xDBFF, 
    0xBAF7, 0x36E7, 0x72D6, 0x0FCE, 0x30CE, 0xEEC5, 0x56EF, 0xF5BD, 0xFFFF, 0xFFFF, 0xFFFF, 0xFFFF, 
    0xFFFF, 0xFFFF, 0xFFFF, 0xFFFF, 0xFFFF, 0xFFFF, 0xFFFF, 0xFFFF, 0xFFFF, 0xFFFF, 0xFFFF, 0xFFFF, 
    0xFFFF, 0xFFFF, 0xFFFF, 0xFFFF, 0xFFFF, 0xFFFF, 0xFFFF, 0xFFFF, 0xFFFF, 0xFFFF, 0xFFFF, 0xFFFF, 
    0xFFFF, 0xFFFF, 0xFFFF, 0xFFFF, 0xFFFF, 0xFFFF, 0xFFFF, 0xFFFF, 0xFFFF, 0xFFFF, 0xFFFF, 0xFFFF, 
    0xFFFF, 0xEA5A, 0xFCFF, 0x9AF7, 0x5AE7, 0xD7AD, 0xF242, 0x1243, 0x324B, 0x534B, 0x334B, 0xB45B, 
    0xF463, 0xD463, 0xF45B, 0xD45B, 0xB45B, 0x534B, 0x534B, 0x534B, 0x534B, 0xD45B, 0xD45B, 0x356C, 
    0xF784, 0xBCF7, 0xB3BD, 0xAD7B, 0xBAF7, 0x57EF, 0x16E7, 0x16E7, 0x92D6, 0x51D6, 0x30CE, 0x30CE, 
    0x30CE, 0x30CE, 0x30CE, 0x50CE, 0x2FCE, 0x51D6, 0xD4DE, 0x51CE, 0x0FCE, 0x71D6, 0xDAFF, 0xB4DE, 
    0x0FCE, 0x30CE, 0x30CE, 0x30CE, 0x50CE, 0x30CE, 0xF5E6, 0xB3DE, 0x30CE, 0x0FCE, 0x16E7, 0xDBFF, 
    0xBAF7, 0x37EF, 0x16E7, 0x36E7, 0x36E7, 0x72D6, 0x51D6, 0xF5DE, 0x57EF, 0x57EF, 0xF6DE, 0xB3B5, 
    0xA210, 0xFFFF, 0xFFFF, 0xFFFF, 0xFFFF, 0xFFFF, 0xFFFF, 0xFFFF, 0xFFFF, 0xFFFF, 0xFFFF, 0xFFFF, 
    0xFFFF, 0xFFFF, 0xFFFF, 0xFFFF, 0xFFFF, 0xFFFF, 0xFFFF, 0xFFFF, 0xFFFF, 0xFFFF, 0xFFFF, 0xFFFF, 
    0xFFFF, 0xFFFF, 0xFFFF, 0xFFFF, 0xFFFF, 0xFFFF, 0xFFFF, 0xFFFF, 0xFFFF, 0xFFFF, 0xFFFF, 0xFFFF, 
    0xFFFF, 0xFFFF, 0xFFFF, 0x6529, 0x2E8C, 0xBBFF, 0x79EF, 0xD9FF, 0xD8DE, 0x346C, 0x547C, 0xB363, 
    0x534B, 0x5353, 0x534B, 0x334B, 0x334B, 0x334B, 0x324B, 0x334B, 0x534B, 0x534B, 0x534B, 0x534B, 
    0x334B, 0x124B, 0xF463, 0xB89D, 0xF9DE, 0x32AD, 0xCD7B, 0xBAF7, 0x37EF, 0xF4DE, 0xD4DE, 0x50CE, 
    0x30CE, 0x50CE, 0x30CE, 0x30CE, 0x30CE, 0x30CE, 0x30CE, 0x71D6, 0xD4DE, 0x57EF, 0x93DE, 0x30CE, 
    0x71D6, 0xDAFF, 0xB3DE, 0x0FCE, 0x30CE, 0x30CE, 0x30CE, 0x50CE, 0x30CE, 0xF5E6, 0xB4DE, 0x30CE, 
    0x0FCE, 0xF5E6, 0x99F7, 0xBAF7, 0x16E7, 0xF4E6, 0xF5E6, 0x16E7, 0xD4DE, 0xD4DE, 0x58EF, 0x78EF, 
    0x15E7, 0x15E7, 0xBAFF, 0xC218, 0xFFFF, 0xFFFF, 0xFFFF, 0xFFFF, 0xFFFF, 0xFFFF, 0xFFFF, 0xFFFF, 
    0xFFFF, 0xFFFF, 0xFFFF, 0xFFFF, 0xFFFF, 0xFFFF, 0xFFFF, 0xFFFF, 0xFFFF, 0xFFFF, 0xFFFF, 0xFFFF, 
    0xFFFF, 0xFFFF, 0xFFFF, 0xFFFF, 0xFFFF, 0xFFFF, 0xFFFF, 0xFFFF, 0xFFFF, 0xFFFF, 0xFFFF, 0xFFFF, 
    0xFFFF, 0xFFFF, 0xFFFF, 0xFFFF, 0xFFFF, 0xFFFF, 0x56CE, 0xFAFF, 0xD4DE, 0xF5E6, 0xD4DE, 0x16E7, 
    0xDBFF, 0xFCFF, 0x569D, 0xD13A, 0x534B, 0x5353, 0x5353, 0x534B, 0x534B, 0x534B, 0x534B, 0x534B, 
    0x534B, 0x534B, 0x534B, 0x5353, 0x124B, 0x7574, 0x9CDF, 0xB19C, 0x15C6, 0xFCFF, 0xBAF7, 0x37EF, 
    0xB3DE, 0x2FCE, 0x50CE, 0x30CE, 0x30CE, 0x30CE, 0x30CE, 0x30CE, 0x30CE, 0x0ECE, 0x16EF, 0xDBFF, 
    0xBBF7, 0x58EF, 0x93DE, 0x51D6, 0xDBFF, 0xB3DE, 0x0FCE, 0x30CE, 0x30CE, 0x30CE, 0x30CE, 0x30CE, 
    0xF5E6, 0xB3DE, 0x0FCE, 0x0FCE, 0x92D6, 0x36E7, 0xBAFF, 0x36E7, 0xF5E6, 0x15E7, 0xF5E6, 0x99F7, 
    0xDCFF, 0xDBFF, 0x71D6, 0xEEC5, 0x71D6, 0x58EF, 0xC218, 0xFFFF, 0xFFFF, 0xFFFF, 0xFFFF, 0xFFFF, 
    0xFFFF, 0xFFFF, 0xFFFF, 0xFFFF, 0xFFFF, 0xFFFF, 0xFFFF, 0xFFFF, 0xFFFF, 0xFFFF, 0xFFFF, 0xFFFF, 
    0xFFFF, 0xFFFF, 0xFFFF, 0xFFFF, 0xFFFF, 0xFFFF, 0xFFFF, 0xFFFF, 0xFFFF, 0xFFFF, 0xFFFF, 0xFFFF, 
    0xFFFF, 0xFFFF, 0xFFFF, 0xFFFF, 0xFFFF, 0xFFFF, 0xFFFF, 0xFFFF, 0xFFFF, 0xF4BD, 0xB9FF, 0xD4DE, 
    0xF5E6, 0xF5E6, 0x15E7, 0x37EF, 0x57EF, 0xB8D6, 0xB8A5, 0x9674, 0xB453, 0x334B, 0x534B, 0x534B, 
    0x534B, 0x534B, 0x534B, 0x534B, 0x534B, 0x534B, 0x5353, 0xF242, 0x5574, 0x7CDF, 0x6D73, 0x32AD, 
    0xFBFF, 0x37EF, 0x36E7, 0xD3DE, 0x2FCE, 0x30CE, 0x30CE, 0x30CE, 0x30CE, 0x30CE, 0x30CE, 0x51D6, 
    0x16E7, 0x79F7, 0xBAFF, 0xBAF7, 0xBAF7, 0xD4DE, 0x51D6, 0xDBFF, 0xB3DE, 0x2FCE, 0x30CE, 0x30CE, 
    0x30CE, 0x30CE, 0x30CE, 0x92D6, 0xB3DE, 0xB3DE, 0x2FCE, 0x92DE, 0x37EF, 0xBBFF, 0x99F7, 0x99F7, 
    0x79F7, 0x79F7, 0x58EF, 0x16E7, 0xD3DE, 0x50CE, 0x0FCE, 0x72D6, 0x7AEF, 0xC318, 0xFFFF, 0xFFFF, 
    0xFFFF, 0xFFFF, 0xFFFF, 0xFFFF, 0xFFFF, 0xFFFF, 0xFFFF, 0xFFFF, 0xFFFF, 0xFFFF, 0xFFFF, 0xFFFF, 
    0xFFFF, 0xFFFF, 0xFFFF, 0xFFFF, 0xFFFF, 0xFFFF, 0xFFFF, 0xFFFF, 0xFFFF, 0xFFFF, 0xFFFF, 0xFFFF, 
    0xFFFF, 0xFFFF, 0xFFFF, 0xFFFF, 0xFFFF, 0xFFFF, 0xFFFF, 0xFFFF, 0xFFFF, 0xFFFF, 0xFFFF, 0xFFFF, 
    0x14C6, 0xB9FF, 0xD4DE, 0xF5E6, 0x15E7, 0x15E7, 0xF5E6, 0xF4DE, 0x98F7, 0xBBF7, 0x9795, 0x346C, 
    0x5253, 0x534B, 0x534B, 0x534B, 0x534B, 0x534B, 0x534B, 0x534B, 0x534B, 0x534B, 0x324B, 0x7474, 
    0x1ACF, 0xAA52, 0xD19C, 0xFBFF, 0xF5DE, 0x15E7, 0xB3DE, 0x30CE, 0x30CE, 0x30CE, 0x30CE, 0x30CE, 
    0x50CE, 0x30CE, 0x71D6, 0xBAF7, 0xBAF7, 0xBAF7, 0x9AF7, 0xDBFF, 0xF5E6, 0x50CE, 0xDBFF, 0xB3DE, 
    0x2FCE, 0x50CE, 0x30CE, 0x30CE, 0x30CE, 0x50CE, 0x2FCE, 0x92D6, 0x15E7, 0x2FCE, 0xB3DE, 0x37EF, 
    0xBBFF, 0xBBFF, 0xDBFF, 0xBAF7, 0xBAFF, 0x36E7, 0x92D6, 0x0ECE, 0x30CE, 0x30CE, 0x72D6, 0x59EF, 
    0xC318, 0xFFFF, 0xFFFF, 0xFFFF, 0xFFFF, 0xFFFF, 0xFFFF, 0xFFFF, 0xFFFF, 0xFFFF, 0xFFFF, 0xFFFF, 
    0xFFFF, 0xFFFF, 0xFFFF, 0xFFFF, 0xFFFF, 0xFFFF, 0xFFFF, 0xFFFF, 0xFFFF, 0xFFFF, 0xFFFF, 0xFFFF, 
    0xFFFF, 0xFFFF, 0xFFFF, 0xFFFF, 0xFFFF, 0xFFFF, 0xFFFF, 0xFFFF, 0xFFFF, 0xFFFF, 0xFFFF, 0xFFFF, 
    0xFFFF, 0xFFFF, 0xFFFF, 0xF4BD, 0xD9FF, 0xD4DE, 0x15E7, 0x15E7, 0x15E7, 0x15E7, 0x15E7, 0x15E7, 
    0x37E7, 0x7AEF, 0xBBF7, 0xD7AD, 0xB132, 0x324B, 0x324B, 0x534B, 0x534B, 0x534B, 0x534B, 0x534B, 
    0xF242, 0x9795, 0x58B6, 0x9094, 0xD7DE, 0x9AF7, 0xBAF7, 0x36E7, 0x92D6, 0x30CE, 0x30CE, 0x30CE, 
    0x30CE, 0x30CE, 0x30CE, 0x50CE, 0x30CE, 0x51D6, 0x16E7, 0x99F7, 0xDBFF, 0xBAF7, 0x57EF, 0xB2D6, 
    0x51D6, 0xDBFF, 0xB4DE, 0x2FCE, 0x50CE, 0x30CE, 0x30CE, 0x30CE, 0x50CE, 0x30CE, 0xB2DE, 0x15E7, 
    0x30CE, 0xB3DE, 0x57EF, 0xDBFF, 0x37EF, 0x16E7, 0x15E7, 0x15E7, 0x71D6, 0x2FCE, 0x30CE, 0x2FCE, 
    0x0FCE, 0x91D6, 0xFCFF, 0xE318, 0xFFFF, 0xFFFF, 0xFFFF, 0xFFFF, 0xFFFF, 0xFFFF, 0xFFFF, 0xFFFF, 
    0xFFFF, 0xFFFF, 0xFFFF, 0xFFFF, 0xFFFF, 0xFFFF, 0xFFFF, 0xFFFF, 0xFFFF, 0xFFFF, 0xFFFF, 0xFFFF, 
    0xFFFF, 0xFFFF, 0xFFFF, 0xFFFF, 0xFFFF, 0xFFFF, 0xFFFF, 0xFFFF, 0xFFFF, 0xFFFF, 0xFFFF, 0xFFFF, 
    0xFFFF, 0xFFFF, 0xFFFF, 0xFFFF, 0x6108, 0x8852, 0x54CE, 0x77EF, 0xF4DE, 0xF5E6, 0x15E7, 0xF5E6, 
    0xF5E6, 0x15E7, 0x15E7, 0x15E7, 0x78EF, 0x98F7, 0x97CE, 0xD584, 0x356C, 0xB45B, 0x534B, 0x534B, 
    0x534B, 0x534B, 0x5353, 0xF242, 0xD89D, 0x37B6, 0x2B6B, 0x38E7, 0xD9FF, 0x58EF, 0x16E7, 0x71D6, 
    0x2FCE, 0x30CE, 0x30CE, 0x30CE, 0x30CE, 0x30CE, 0x30CE, 0x30CE, 0x50D6, 0xB3DE, 0x37EF, 0x79F7, 
    0x78EF, 0xD4DE, 0x71D6, 0x51D6, 0xDBFF, 0xB3DE, 0x2FCE, 0x30CE, 0x30CE, 0x30CE, 0x30CE, 0x50CE, 
    0x30CE, 0x92D6, 0x15E7, 0x30CE, 0xB3DE, 0x37EF, 0xDBFF, 0x37E7, 0xF5E6, 0xF5E6, 0x15E7, 0x71D6, 
    0x0FCE, 0x30CE, 0x93D6, 0xF4E6, 0x94D6, 0x4F8C, 0x6108, 0xFFFF, 0xFFFF, 0xFFFF, 0xFFFF, 0xFFFF, 
    0xFFFF, 0xFFFF, 0xFFFF, 0xFFFF, 0xFFFF, 0xFFFF, 0xFFFF, 0xFFFF, 0xFFFF, 0xFFFF, 0xFFFF, 0xFFFF, 
    0xFFFF, 0xFFFF, 0xFFFF, 0xFFFF, 0xFFFF, 0xFFFF, 0xFFFF, 0xFFFF, 0xFFFF, 0xFFFF, 0xFFFF, 0xFFFF, 
    0xFFFF, 0xFFFF, 0xFFFF, 0xFFFF, 0xFFFF, 0xFFFF, 0xFFFF, 0x8531, 0xFCFF, 0x36E7, 0xD4DE, 0x15E7, 
    0x15E7, 0xF5E6, 0xF5E6, 0xF5E6, 0xF5E6, 0xF5E6, 0x15E7, 0xF4DE, 0xD4DE, 0x56EF, 0xFBFF, 0xB895, 
    0x1464, 0x324B, 0x7353, 0x7353, 0x534B, 0x7353, 0xF242, 0x19A6, 0xD5A5, 0x6529, 0xD7DE, 0x78F7, 
    0xD4DE, 0x16E7, 0x71D6, 0x30CE, 0x30CE, 0x30CE, 0x30CE, 0x30CE, 0x30CE, 0x30CE, 0x30CE, 0x30CE, 
    0x2FCE, 0xB3DE, 0x16E7, 0x15E7, 0x51D6, 0x2FCE, 0x71D6, 0xDAFF, 0xB3DE, 0x0FCE, 0x30CE, 0x30CE, 
    0x30CE, 0x30CE, 0x30CE, 0x30CE, 0x92D6, 0x16E7, 0x30CE, 0xB3DE, 0x57EF, 0xDBFF, 0x37E7, 0xF5DE, 
    0xF5DE, 0xF5DE, 0x51CE, 0x0FC6, 0x0FCE, 0x58EF, 0xFCFF, 0xB8D6, 0xFFFF, 0xFFFF, 0xFFFF, 0xFFFF, 
    0xFFFF, 0xFFFF, 0xFFFF, 0xFFFF, 0xFFFF, 0xFFFF, 0xFFFF, 0xFFFF, 0xFFFF, 0xFFFF, 0xFFFF, 0xFFFF, 
    0xFFFF, 0xFFFF, 0xFFFF, 0xFFFF, 0xFFFF, 0xFFFF, 0xFFFF, 0xFFFF, 0xFFFF, 0xFFFF, 0xFFFF, 0xFFFF, 
    0xFFFF, 0xFFFF, 0xFFFF, 0xFFFF, 0xFFFF, 0xFFFF, 0xFFFF, 0xFFFF, 0xFFFF, 0xFFFF, 0x6429, 0xBBFF, 
    0x36E7, 0xF5DE, 0xF5E6, 0xF5E6, 0x15E7, 0x15E7, 0x15E7, 0x15E7, 0xF5E6, 0xF5E6, 0x15E7, 0x15E7, 
    0x15E7, 0x37E7, 0x3ADF, 0x1ADF, 0xF8B5, 0x1243, 0x1243, 0x1243, 0x7353, 0xB774, 0xB384, 0x32A5, 
    0x76CE, 0x79F7, 0x77EF, 0xF5E6, 0x36E7, 0x71D6, 0x30CE, 0x30CE, 0x30CE, 0x30CE, 0x30CE, 0x30CE, 
    0x30CE, 0x30CE, 0x30CE, 0x30CE, 0x71D6, 0x71D6, 0x71D6, 0x50D6, 0x30CE, 0x71D6, 0xDAFF, 0xB3DE, 
    0x2FCE, 0x50CE, 0x30CE, 0x30CE, 0x30CE, 0x30CE, 0x2FCE, 0x92D6, 0x16E7, 0x50CE, 0x50D6, 0xB3DE, 
    0x37E7, 0x78EF, 0x99F7, 0xB9FF, 0xBAFF, 0x99FF, 0x98F7, 0x99F7, 0x327D, 0x97BE, 0xD8DE, 0xFFFF, 
    0xFFFF, 0xFFFF, 0xFFFF, 0xFFFF, 0xFFFF, 0xFFFF, 0xFFFF, 0xFFFF, 0xFFFF, 0xFFFF, 0xFFFF, 0xFFFF, 
    0xFFFF, 0xFFFF, 0xFFFF, 0xFFFF, 0xFFFF, 0xFFFF, 0xFFFF, 0xFFFF, 0xFFFF, 0xFFFF, 0xFFFF, 0xFFFF, 
    0xFFFF, 0xFFFF, 0xFFFF, 0xFFFF, 0xFFFF, 0xFFFF, 0xFFFF, 0xFFFF, 0xFFFF, 0xFFFF, 0xFFFF, 0xFFFF, 
    0xFFFF, 0x6529, 0xDBFF, 0x36E7, 0xF5E6, 0x15E7, 0xF5E6, 0x15E7, 0x15E7, 0x15E7, 0x15E7, 0x15E7, 
    0xF5E6, 0xF5E6, 0xF5E6, 0x15E7, 0x15E7, 0x99F7, 0xFAFF, 0x19DF, 0x3474, 0x747C, 0xB363, 0x9353, 
    0x19AE, 0x33A5, 0xD4BD, 0xFCFF, 0xB9F7, 0x57EF, 0xF5E6, 0xF4DE, 0x71D6, 0x30CE, 0x30CE, 0x30CE, 
    0x30CE, 0x30CE, 0x30CE, 0x30CE, 0x30CE, 0x30CE, 0x30CE, 0x30CE, 0x30CE, 0x30CE, 0x50CE, 0x30CE, 
    0x71D6, 0xDAFF, 0xB3DE, 0x0FCE, 0x30CE, 0x30CE, 0x30CE, 0x30CE, 0x50CE, 0x30CE, 0x92D6, 0x15E7, 
    0x50CE, 0x2FCE, 0x71D6, 0xF5DE, 0x99F7, 0x59E7, 0xB8CE, 0xF8CE, 0xF9CE, 0xF9CE, 0xF9CE, 0xCF3B, 
    0xB495, 0xD7E6, 0xFFFF, 0xFFFF, 0xFFFF, 0xFFFF, 0xFFFF, 0xFFFF, 0xFFFF, 0xFFFF, 0xFFFF, 0xFFFF, 
    0xFFFF, 0xFFFF, 0xFFFF, 0xFFFF, 0xFFFF, 0xFFFF, 0xFFFF, 0xFFFF, 0xFFFF, 0xFFFF, 0xFFFF, 0xFFFF, 
    0xFFFF, 0xFFFF, 0xFFFF, 0xFFFF, 0xFFFF, 0xFFFF, 0xFFFF, 0xFFFF, 0xFFFF, 0xFFFF, 0xFFFF, 0xFFFF, 
    0xFFFF, 0xFFFF, 0xFFFF, 0xFFFF, 0x6529, 0xDBFF, 0x36E7, 0xF5DE, 0x15E7, 0x15E7, 0xF5E6, 0xF5E6, 
    0x15E7, 0xF5E6, 0xF5E6, 0xF5E6, 0xF5E6, 0x15E7, 0xF5E6, 0x15E7, 0x15E7, 0xF5DE, 0x16E7, 0xDAFF, 
    0xFBFF, 0x96A5, 0x5253, 0xDBFF, 0xDBFF, 0xDBFF, 0xBBF7, 0x36E7, 0xF5E6, 0xF4DE, 0x2FCE, 0x30CE, 
    0x30CE, 0x30CE, 0x30CE, 0x30CE, 0x30CE, 0x30CE, 0x30CE, 0x30CE, 0x30CE, 0x30CE, 0x50CE, 0x50CE, 
    0x50CE, 0x50CE, 0x30CE, 0x71D6, 0xDAFF, 0xB3DE, 0x0FCE, 0x30CE, 0x30CE, 0x30CE, 0x30CE, 0x50CE, 
    0x30CE, 0xB3DE, 0x16E7, 0x50CE, 0x30CE, 0x71D6, 0xF5DE, 0xD9FF, 0xD5A5, 0xCC1A, 0x4E2B, 0x8F2B, 
    0xAF2B, 0xAF33, 0x090A, 0x128D, 0xF7E6, 0xFFFF, 0xFFFF, 0xFFFF, 0xFFFF, 0xFFFF, 0xFFFF, 0xFFFF, 
    0xFFFF, 0xFFFF, 0xFFFF, 0xFFFF, 0xFFFF, 0xFFFF, 0xFFFF, 0xFFFF, 0xFFFF, 0xFFFF, 0xFFFF, 0xFFFF, 
    0xFFFF, 0xFFFF, 0xFFFF, 0xFFFF, 0xFFFF, 0xFFFF, 0xFFFF, 0xFFFF, 0xFFFF, 0xFFFF, 0xFFFF, 0xFFFF, 
    0xFFFF, 0xFFFF, 0xFFFF, 0xFFFF, 0xFFFF, 0xFFFF, 0xFFFF, 0x2429, 0xDBFF, 0x36E7, 0xF5E6, 0x15E7, 
    0x15E7, 0xF5E6, 0xF5E6, 0x15E7, 0x15E7, 0xF5E6, 0x15E7, 0x15E7, 0x15E7, 0x15E7, 0x15E7, 0x15E7, 
    0xF5E6, 0x15E7, 0x36EF, 0x57EF, 0xB8D6, 0x38BE, 0xBAF7, 0xBAF7, 0x99F7, 0x57EF, 0x16E7, 0x15E7, 
    0xF4DE, 0x30CE, 0x30CE, 0x30CE, 0x30CE, 0x30CE, 0x30CE, 0x30CE, 0x30CE, 0x30CE, 0x30CE, 0x30CE, 
    0x30CE, 0x30CE, 0x30CE, 0x30CE, 0x50CE, 0x30CE, 0x71D6, 0xDAFF, 0xB3DE, 0x0FCE, 0x30CE, 0x30CE, 
    0x30CE, 0x30CE, 0x30CE, 0x30CE, 0x71D6, 0x92D6, 0x50CE, 0x30CE, 0x71D6, 0xF5DE, 0xDAFF, 0x16A6, 
    0x0D1B, 0x8F33, 0xAB1A, 0x2912, 0x6A1A, 0xE901, 0x338D, 0xF7E6, 0xFFFF, 0xFFFF, 0xFFFF, 0xFFFF, 
    0xFFFF, 0xFFFF, 0xFFFF, 0xFFFF, 0xFFFF, 0xFFFF, 0xFFFF, 0xFFFF, 0xFFFF, 0xFFFF, 0xFFFF, 0xFFFF, 
    0xFFFF, 0xFFFF, 0xFFFF, 0xFFFF, 0xFFFF, 0xFFFF, 0xFFFF, 0xFFFF, 0xFFFF, 0xFFFF, 0xFFFF, 0xFFFF, 
    0xFFFF, 0xFFFF, 0xFFFF, 0xFFFF, 0xFFFF, 0xFFFF, 0xFFFF, 0xFFFF, 0xFFFF, 0x6110, 0x0742, 0xBAF7, 
    0x16E7, 0xF5DE, 0xF5E6, 0xF5E6, 0xF5E6, 0xF5E6, 0xF5E6, 0xF5E6, 0xF5E6, 0x15E7, 0x15E7, 0xF5E6, 
    0xF5E6, 0xF5E6, 0xF5E6, 0xF5E6, 0xF4E6, 0xF4E6, 0xF4DE, 0x78F7, 0xFBFF, 0x99F7, 0xB9F7, 0x78EF, 
    0xF4DE, 0xF5E6, 0x15E7, 0xD4DE, 0x30CE, 0x30CE, 0x30CE, 0x30CE, 0x30CE, 0x30CE, 0x30CE, 0x30CE, 
    0x30CE, 0x30CE, 0x30CE, 0x30CE, 0x30CE, 0x30CE, 0x30CE, 0x30CE, 0x30CE, 0x71D6, 0xBAF7, 0xD4DE, 
    0x30CE, 0x30CE, 0x30CE, 0x30CE, 0x30CE, 0x30CE, 0x30CE, 0x30CE, 0x30CE, 0x30CE, 0x30CE, 0x71D6, 
    0xD4DE, 0xDAFF, 0x16AE, 0x2E23, 0x8F33, 0xE811, 0xE400, 0x2509, 0xC801, 0x3385, 0xB7D6, 0xFFFF, 
    0xFFFF, 0xFFFF, 0xFFFF, 0xFFFF, 0xFFFF, 0xFFFF, 0xFFFF, 0xFFFF, 0xFFFF, 0xFFFF, 0xFFFF, 0xFFFF, 
    0xFFFF, 0xFFFF, 0xFFFF, 0xFFFF, 0xFFFF, 0xFFFF, 0xFFFF, 0xFFFF, 0xFFFF, 0xFFFF, 0xFFFF, 0xFFFF, 
    0xFFFF, 0xFFFF, 0xFFFF, 0xFFFF, 0xFFFF, 0xFFFF, 0xFFFF, 0xFFFF, 0xFFFF, 0xFFFF, 0xFFFF, 0xFFFF, 
    0x8F94, 0xB9F7, 0xD4DE, 0xF4E6, 0xF5E6, 0xF5E6, 0xF5E6, 0xF5E6, 0x15E7, 0xF5E6, 0xF5E6, 0xF5E6, 
    0x15E7, 0x16E7, 0x72D6, 0x30CE, 0x50CE, 0xF4DE, 0x15E7, 0x15E7, 0x15E7, 0x15E7, 0x15E7, 0x16E7, 
    0x15E7, 0x15E7, 0x15E7, 0xF5E6, 0x16E7, 0xB3DE, 0x30CE, 0x30CE, 0x30CE, 0x30CE, 0x30CE, 0x30CE, 
    0x30CE, 0x30CE, 0x30CE, 0x30CE, 0x30CE, 0x30CE, 0x30CE, 0x30CE, 0x30CE, 0x30CE, 0x30CE, 0x30CE, 
    0x51D6, 0x16E7, 0x16E7, 0xD4DE, 0x30CE, 0x30CE, 0x30CE, 0x30CE, 0x30CE, 0x30CE, 0x30CE, 0x50CE, 
    0x30CE, 0x30CE, 0x30CE, 0x2FCE, 0x99FF, 0x16AE, 0xED1A, 0x8709, 0x4601, 0x2501, 0x2509, 0xC809, 
    0x7154, 0x7485, 0xFFFF, 0xFFFF, 0xFFFF, 0xFFFF, 0xFFFF, 0xFFFF, 0xFFFF, 0xFFFF, 0xFFFF, 0xFFFF, 
    0xFFFF, 0xFFFF, 0xFFFF, 0xFFFF, 0xFFFF, 0xFFFF, 0xFFFF, 0xFFFF, 0xFFFF, 0xFFFF, 0xFFFF, 0xFFFF, 
    0xFFFF, 0xFFFF, 0xFFFF, 0xFFFF, 0xFFFF, 0xFFFF, 0xFFFF, 0xFFFF, 0xFFFF, 0xFFFF, 0xFFFF, 0xFFFF, 
    0xFFFF, 0xFFFF, 0xFFFF, 0xD09C, 0xFAFF, 0xD4DE, 0xF5E6, 0xF5E6, 0xF5E6, 0xF5E6, 0xF5E6, 0xF5E6, 
    0xF5E6, 0xF5E6, 0x15E7, 0xF5E6, 0xB3DE, 0x51D6, 0x30CE, 0x30CE, 0x92D6, 0xB3DE, 0xB3DE, 0xB3DE, 
    0xB3DE, 0xD4DE, 0x15E7, 0x15E7, 0x15E7, 0xF5E6, 0xF5E6, 0xB3DE, 0x71D6, 0x30CE, 0x30CE, 0x30CE, 
    0x30CE, 0x30CE, 0x30CE, 0x30CE, 0x30CE, 0x30CE, 0x30CE, 0x30CE, 0x30CE, 0x30CE, 0x30CE, 0x30CE, 
    0x30CE, 0x30CE, 0x30CE, 0x50D6, 0x93D6, 0x37EF, 0x16E7, 0x2FCE, 0x30CE, 0x30CE, 0x30CE, 0x30CE, 
    0x30CE, 0x30CE, 0x30CE, 0x30CE, 0x30CE, 0x30CE, 0x0FCE, 0x99FF, 0x16A6, 0xEC1A, 0x6609, 0x2501, 
    0x6609, 0xC809, 0x0912, 0xEC2A, 0x8D4B, 0x4C5B, 0x2421, 0xFFFF, 0xFFFF, 0xFFFF, 0xFFFF, 0xFFFF, 
    0xFFFF, 0xFFFF, 0xFFFF, 0xFFFF, 0xFFFF, 0xFFFF, 0xFFFF, 0xFFFF, 0xFFFF, 0xFFFF, 0xFFFF, 0xFFFF, 
    0xFFFF, 0xFFFF, 0xFFFF, 0xFFFF, 0xFFFF, 0xFFFF, 0xFFFF, 0xFFFF, 0xFFFF, 0xFFFF, 0xFFFF, 0xFFFF, 
    0xFFFF, 0xFFFF, 0xFFFF, 0xFFFF, 0xFFFF, 0xFFFF, 0xD19C, 0xFAFF, 0xD4DE, 0xF5E6, 0xF5E6, 0xF5E6, 
    0xF5E6, 0xF5E6, 0xF5E6, 0xF5E6, 0xF5E6, 0x15E7, 0xF4DE, 0x30CE, 0x30CE, 0x30CE, 0x30CE, 0x30CE, 
    0x30CE, 0x30CE, 0x30CE, 0x0FCE, 0x92D6, 0x15E7, 0x15E7, 0x15E7, 0x15E7, 0x15E7, 0x51CE, 0x2FCE, 
    0x30CE, 0x30CE, 0x30CE, 0x30CE, 0x30CE, 0x30CE, 0x30CE, 0x30CE, 0x30CE, 0x30CE, 0x30CE, 0x30CE, 
    0x30CE, 0x30CE, 0x30CE, 0x30CE, 0x30CE, 0x30CE, 0x50CE, 0x0FCE, 0x58EF, 0x78EF, 0x0FCE, 0x30CE, 
    0x30CE, 0x30CE, 0x30CE, 0x30CE, 0x30CE, 0x30CE, 0x30CE, 0x30CE, 0x30CE, 0x0FCE, 0xB9FF, 0x37AE, 
    0xEC1A, 0x4609, 0x0501, 0xC809, 0xCC1A, 0x6A1A, 0x4601, 0x4611, 0xFDDF, 0xAA4A, 0xFFFF, 0xFFFF, 
    0xFFFF, 0xFFFF, 0xFFFF, 0xFFFF, 0xFFFF, 0xFFFF, 0xFFFF, 0xFFFF, 0xFFFF, 0xFFFF, 0xFFFF, 0xFFFF, 
    0xFFFF, 0xFFFF, 0xFFFF, 0xFFFF, 0xFFFF, 0xFFFF, 0xFFFF, 0xFFFF, 0xFFFF, 0xFFFF, 0xFFFF, 0xFFFF, 
    0xFFFF, 0xFFFF, 0xFFFF, 0xFFFF, 0xFFFF, 0xFFFF, 0xFFFF, 0xFFFF, 0xFFFF, 0xF19C, 0xFBFF, 0xD4DE, 
    0xF5E6, 0xF5E6, 0x15E7, 0xF5E6, 0xF5E6, 0xF5E6, 0xF5E6, 0xF5E6, 0x15E7, 0xF4DE, 0x30CE, 0x30CE, 
    0x30CE, 0x30CE, 0x30CE, 0x30CE, 0x30CE, 0x50CE, 0x30CE, 0x50CE, 0x51D6, 0x51D6, 0x51D6, 0x51D6, 
    0x51D6, 0x30CE, 0x30CE, 0x30CE, 0x30CE, 0x30CE, 0x30CE, 0x30CE, 0x30CE, 0x30CE, 0x30CE, 0x30CE, 
    0x30CE, 0x30CE, 0x30CE, 0x30CE, 0x30CE, 0x30CE, 0x30CE, 0x30CE, 0x30CE, 0x50CE, 0x2FCE, 0x57EF, 
    0x57EF, 0x0FCE, 0x30CE, 0x30CE, 0x30CE, 0x30CE, 0x30CE, 0x30CE, 0x30CE, 0x30CE, 0x30CE, 0x30CE, 
    0x0FCE, 0xB9FF, 0x16A6, 0x8B12, 0x4509, 0xE400, 0x6A22, 0x3365, 0xEC22, 0x8709, 0xA719, 0x5BCF, 
    0x6942, 0xFFFF, 0xFFFF, 0xFFFF, 0xFFFF, 0xFFFF, 0xFFFF, 0xFFFF, 0xFFFF, 0xFFFF, 0xFFFF, 0xFFFF, 
    0xFFFF, 0xFFFF, 0xFFFF, 0xFFFF, 0xFFFF, 0xFFFF, 0xFFFF, 0xFFFF, 0xFFFF, 0xFFFF, 0xFFFF, 0xFFFF, 
    0xFFFF, 0xFFFF, 0xFFFF, 0xFFFF, 0xFFFF, 0xFFFF, 0xFFFF, 0xFFFF, 0xFFFF, 0xFFFF, 0xFFFF, 0xFFFF, 
    0xF19C, 0xFBFF, 0xD5DE, 0xF5E6, 0xF5E6, 0xF5E6, 0xF5E6, 0xF5E6, 0xF5E6, 0xF5E6, 0xF5E6, 0x15E7, 
    0xF4DE, 0x30CE, 0x30CE, 0x30CE, 0x30CE, 0x30CE, 0x30CE, 0x30CE, 0x30CE, 0x30CE, 0x30CE, 0x30CE, 
    0x30CE, 0x30CE, 0x30CE, 0x30CE, 0x30CE, 0x30CE, 0x30CE, 0x30CE, 0x30CE, 0x30CE, 0x30CE, 0x30CE, 
    0x30CE, 0x30CE, 0x30CE, 0x30CE, 0x30CE, 0x30CE, 0x30CE, 0x30CE, 0x30CE, 0x30CE, 0x30CE, 0x30CE, 
    0x30CE, 0x2FCE, 0x57EF, 0x58EF, 0x0FCE, 0x50CE, 0x30CE, 0x30CE, 0x30CE, 0x30CE, 0x30CE, 0x30CE, 
    0x30CE, 0x30CE, 0x30CE, 0x0FCE, 0x99FF, 0xB8C6, 0x104C, 0x4609, 0xC400, 0x8A2A, 0x3796, 0x0C2B, 
    0xA709, 0xC719, 0x7CD7, 0x894A, 0xFFFF, 0xFFFF, 0xFFFF, 0xFFFF, 0xFFFF, 0xFFFF, 0xFFFF, 0xFFFF, 
    0xFFFF, 0xFFFF, 0xFFFF, 0xFFFF, 0xFFFF, 0xFFFF, 0xFFFF, 0xFFFF, 0xFFFF, 0xFFFF, 0xFFFF, 0xFFFF, 
    0xFFFF, 0xFFFF, 0xFFFF, 0xFFFF, 0xFFFF, 0xFFFF, 0xFFFF, 0xFFFF, 0xFFFF, 0xFFFF, 0xFFFF, 0xFFFF, 
    0xFFFF, 0xFFFF, 0xFFFF, 0xF19C, 0xFBFF, 0xD5DE, 0xF5E6, 0xF5E6, 0xF5E6, 0xF5E6, 0xF5E6, 0xF5E6, 
    0xF5E6, 0xF5E6, 0x15E7, 0xF4DE, 0x30CE, 0x30CE, 0x30CE, 0x30CE, 0x30CE, 0x30CE, 0x30CE, 0x30CE, 
    0x30CE, 0x30CE, 0x30CE, 0x30CE, 0x30CE, 0x30CE, 0x30CE, 0x30CE, 0x30CE, 0x30CE, 0x30CE, 0x30CE, 
    0x30CE, 0x30CE, 0x30CE, 0x30CE, 0x30CE, 0x30CE, 0x30CE, 0x30CE, 0x30CE, 0x30CE, 0x30CE, 0x30CE, 
    0x30CE, 0x30CE, 0x30CE, 0x30CE, 0x2FCE, 0x57EF, 0x58EF, 0x2FCE, 0x30CE, 0x30CE, 0x30CE, 0x30CE, 
    0x30CE, 0x30CE, 0x30CE, 0x30CE, 0x30CE, 0x30CE, 0x2FCE, 0x78F7, 0xBCEF, 0x78AE, 0x4611, 0x6300, 
    0xAA3A, 0x3BC7, 0x0C33, 0xA701, 0xC819, 0x9CD7, 0x894A, 0xFFFF, 0xFFFF, 0xFFFF, 0xFFFF, 0xFFFF, 
    0xFFFF, 0xFFFF, 0xFFFF, 0xFFFF, 0xFFFF, 0xFFFF, 0xFFFF, 0xFFFF, 0xFFFF, 0xFFFF, 0xFFFF, 0xFFFF, 
    0xFFFF, 0xFFFF, 0xFFFF, 0xFFFF, 0xFFFF, 0xFFFF, 0xFFFF, 0xFFFF, 0xFFFF, 0xFFFF, 0xFFFF, 0xFFFF, 
    0xFFFF, 0xFFFF, 0xFFFF, 0xFFFF, 0xFFFF, 0xFFFF, 0xD19C, 0xFBFF, 0xF4DE, 0x15E7, 0xF5E6, 0xF5E6, 
    0xF5E6, 0xF5E6, 0xF5E6, 0xF5E6, 0xF5E6, 0x15E7, 0xF4DE, 0x30CE, 0x30CE, 0x30CE, 0x30CE, 0x30CE, 
    0x30CE, 0x30CE, 0x30CE, 0x30CE, 0x30CE, 0x30CE, 0x30CE, 0x30CE, 0x30CE, 0x30CE, 0x30CE, 0x30CE, 
    0x30CE, 0x30CE, 0x30CE, 0x30CE, 0x30CE, 0x30CE, 0x30CE, 0x30CE, 0x30CE, 0x30CE, 0x30CE, 0x30CE, 
    0x30CE, 0x30CE, 0x30CE, 0x30CE, 0x30CE, 0x30CE, 0x30CE, 0x2FCE, 0x57EF, 0x58EF, 0x2FCE, 0x30CE, 
    0x30CE, 0x30CE, 0x30CE, 0x30CE, 0x30CE, 0x30CE, 0x30CE, 0x30CE, 0x30CE, 0x30CE, 0xF5E6, 0x79EF, 
    0xB8C6, 0x4609, 0xC811, 0x1054, 0xFABE, 0xEC2A, 0x8701, 0xE819, 0x9CD7, 0x894A, 0xFFFF, 0xFFFF, 
    0xFFFF, 0xFFFF, 0xFFFF, 0xFFFF, 0xFFFF, 0xFFFF, 0xFFFF, 0xFFFF, 0xFFFF, 0xFFFF, 0xFFFF, 0xFFFF, 
    0xFFFF, 0xFFFF, 0xFFFF, 0xFFFF, 0xFFFF, 0xFFFF, 0xFFFF, 0xFFFF, 0xFFFF, 0xFFFF, 0xFFFF, 0xFFFF, 
    0xFFFF, 0xFFFF, 0xFFFF, 0xFFFF, 0xFFFF, 0xFFFF, 0xFFFF, 0xFFFF, 0xFFFF, 0xD09C, 0xFAFF, 0xD4DE, 
    0xF5E6, 0xF5E6, 0xF5E6, 0xF5E6, 0xF5E6, 0xF5E6, 0xF5E6, 0xF5E6, 0xF5E6, 0xD3DE, 0x30CE, 0x30CE, 
    0x30CE, 0x30CE, 0x30CE, 0x30CE, 0x30CE, 0x30CE, 0x30CE, 0x30CE, 0x30CE, 0x30CE, 0x30CE, 0x30CE, 
    0x30CE, 0x30CE, 0x30CE, 0x30CE, 0x30CE, 0x30CE, 0x30CE, 0x30CE, 0x30CE, 0x30CE, 0x30CE, 0x30CE, 
    0x30CE, 0x30CE, 0x30CE, 0x30CE, 0x30CE, 0x30CE, 0x30CE, 0x30CE, 0x30CE, 0x30CE, 0x2FCE, 0x57EF, 
    0x58EF, 0x0FCE, 0x30CE, 0x30CE, 0x30CE, 0x30CE, 0x30CE, 0x30CE, 0x30CE, 0x30CE, 0x30CE, 0x30CE, 
    0x30CE, 0xB3D6, 0x77F7, 0x18DF, 0x4609, 0xEC22, 0x346D, 0xFABE, 0xEC2A, 0x6601, 0xC819, 0x7CCF, 
    0x694A, 0xFFFF, 0xFFFF, 0xFFFF, 0xFFFF, 0xFFFF, 0xFFFF, 0xFFFF, 0xFFFF, 0xFFFF, 0xFFFF, 0xFFFF, 
    0xFFFF, 0xFFFF, 0xFFFF, 0xFFFF, 0xFFFF, 0xFFFF, 0xFFFF, 0xFFFF, 0xFFFF, 0xFFFF, 0xFFFF, 0xFFFF, 
    0xFFFF, 0xFFFF, 0xFFFF, 0xFFFF, 0xFFFF, 0xFFFF, 0xFFFF, 0xFFFF, 0xFFFF, 0xFFFF, 0x8210, 0x76CE, 
    0xF5DE, 0xF4DE, 0xF5E6, 0xF5E6, 0xF5E6, 0xF5E6, 0xF5E6, 0xF5E6, 0xF5E6, 0xF5E6, 0x15E7, 0x92D6, 
    0x2FCE, 0x30CE, 0x30CE, 0x30CE, 0x30CE, 0x30CE, 0x30CE, 0x30CE, 0x30CE, 0x30CE, 0x30CE, 0x30CE, 
    0x30CE, 0x30CE, 0x30CE, 0x30CE, 0x30CE, 0x30CE, 0x30CE, 0x30CE, 0x30CE, 0x30CE, 0x30CE, 0x30CE, 
    0x30CE, 0x30CE, 0x30CE, 0x30CE, 0x30CE, 0x30CE, 0x30CE, 0x30CE, 0x30CE, 0x30CE, 0x30CE, 0x30CE, 
    0x30CE, 0x0FCE, 0x57EF, 0x58EF, 0x0FCE, 0x30CE, 0x30CE, 0x30CE, 0x30CE, 0x30CE, 0x30CE, 0x30CE, 
    0x30CE, 0x30CE, 0x30CE, 0x30CE, 0xD4DE, 0x78F7, 0xF8DE, 0x6609, 0xAB1A, 0x1365, 0x3BCF, 0xEC32, 
    0x0501, 0x4611, 0xDDD7, 0xA94A, 0xFFFF, 0xFFFF, 0xFFFF, 0xFFFF, 0xFFFF, 0xFFFF, 0xFFFF, 0xFFFF, 
    0xFFFF, 0xFFFF, 0xFFFF, 0xFFFF, 0xFFFF, 0xFFFF, 0xFFFF, 0xFFFF, 0xFFFF, 0xFFFF, 0xFFFF, 0xFFFF, 
    0xFFFF, 0xFFFF, 0xFFFF, 0xFFFF, 0xFFFF, 0xFFFF, 0xFFFF, 0xFFFF, 0xFFFF, 0xFFFF, 0xFFFF, 0xFFFF, 
    0xFFFF, 0x8110, 0x59EF, 0x77EF, 0xD4DE, 0xF5E6, 0xF5E6, 0xF5E6, 0xF5E6, 0xF5E6, 0xF5E6, 0x15E7, 
    0xF5E6, 0x15E7, 0x92D6, 0x2FCE, 0x30CE, 0x30CE, 0x30CE, 0x30CE, 0x30CE, 0x30CE, 0x30CE, 0x30CE, 
    0x30CE, 0x30CE, 0x30CE, 0x30CE, 0x30CE, 0x30CE, 0x30CE, 0x30CE, 0x30CE, 0x30CE, 0x30CE, 0x30CE, 
    0x30CE, 0x30CE, 0x30CE, 0x30CE, 0x30CE, 0x30CE, 0x30CE, 0x30CE, 0x30CE, 0x30CE, 0x30CE, 0x30CE, 
    0x30CE, 0x30CE, 0x30CE, 0x30CE, 0x0FCE, 0x57EF, 0x78EF, 0x72D6, 0x50CE, 0x30CE, 0x30CE, 0x30CE, 
    0x30CE, 0x30CE, 0x30CE, 0x30CE, 0x30CE, 0x30CE, 0x30CE, 0x72D6, 0x57EF, 0x19DF, 0x4601, 0xAF43, 
    0xF68D, 0x589E, 0xCB22, 0x491A, 0x2C43, 0xF28C, 0x8529, 0xFFFF, 0xFFFF, 0xFFFF, 0xFFFF, 0xFFFF, 
    0xFFFF, 0xFFFF, 0xFFFF, 0xFFFF, 0xFFFF, 0xFFFF, 0xFFFF, 0xFFFF, 0xFFFF, 0xFFFF, 0xFFFF, 0xFFFF, 
    0xFFFF, 0xFFFF, 0xFFFF, 0xFFFF, 0xFFFF, 0xFFFF, 0xFFFF, 0xFFFF, 0xFFFF, 0xFFFF, 0xFFFF, 0xFFFF, 
    0xFFFF, 0xFFFF, 0xFFFF, 0xFFFF, 0x8110, 0x38E7, 0x57EF, 0xF4DE, 0xF5E6, 0xF5E6, 0xF5E6, 0xF5E6, 
    0xF5E6, 0xF5E6, 0x15E7, 0xF5E6, 0x15E7, 0x92D6, 0x2FCE, 0x30CE, 0x30CE, 0x30CE, 0x30CE, 0x30CE, 
    0x30CE, 0x30CE, 0x30CE, 0x30CE, 0x30CE, 0x30CE, 0x30CE, 0x30CE, 0x30CE, 0x30CE, 0x30CE, 0x30CE, 
    0x30CE, 0x30CE, 0x30CE, 0x30CE, 0x30CE, 0x30CE, 0x30CE, 0x30CE, 0x30CE, 0x30CE, 0x30CE, 0x30CE, 
    0x30CE, 0x30CE, 0x30CE, 0x30CE, 0x30CE, 0x30CE, 0x30CE, 0x0FCE, 0x57EF, 0x99F7, 0xF5E6, 0x51D6, 
    0x30CE, 0x30CE, 0x30CE, 0x30CE, 0x30CE, 0x30CE, 0x30CE, 0x30CE, 0x30CE, 0x50CE, 0x0FCE, 0x15E7, 
    0x39E7, 0x0501, 0x3485, 0x3BBF, 0x3365, 0x6A1A, 0x104C, 0xD585, 0x0221, 0xFFFF, 0xFFFF, 0xFFFF, 
    0xFFFF, 0xFFFF, 0xFFFF, 0xFFFF, 0xFFFF, 0xFFFF, 0xFFFF, 0xFFFF, 0xFFFF, 0xFFFF, 0xFFFF, 0xFFFF, 
    0xFFFF, 0xFFFF, 0xFFFF, 0xFFFF, 0xFFFF, 0xFFFF, 0xFFFF, 0xFFFF, 0xFFFF, 0xFFFF, 0xFFFF, 0xFFFF, 
    0xFFFF, 0xFFFF, 0xFFFF, 0xFFFF, 0xFFFF, 0xFFFF, 0xFFFF, 0x8110, 0x39E7, 0x57EF, 0xF4DE, 0xF5E6, 
    0xF5E6, 0xF5E6, 0xF5E6, 0xF5E6, 0xF5E6, 0xF5E6, 0xF5E6, 0x15E7, 0x92D6, 0x2FCE, 0x30CE, 0x30CE, 
    0x30CE, 0x30CE, 0x30CE, 0x30CE, 0x30CE, 0x30CE, 0x30CE, 0x30CE, 0x30CE, 0x30CE, 0x30CE, 0x30CE, 
    0x30CE, 0x30CE, 0x30CE, 0x30CE, 0x30CE, 0x30CE, 0x30CE, 0x30CE, 0x30CE, 0x30CE, 0x30CE, 0x30CE, 
    0x30CE, 0x30CE, 0x30CE, 0x30CE, 0x30CE, 0x30CE, 0x30CE, 0x30CE, 0x30CE, 0x30CE, 0x0FCE, 0x57EF, 
    0x99F7, 0xD4DE, 0x51D6, 0x30CE, 0x30CE, 0x30CE, 0x30CE, 0x30CE, 0x30CE, 0x30CE, 0x30CE, 0x30CE, 
    0x30CE, 0x2FCE, 0xF5E6, 0xBBF7, 0x16A6, 0xF9BE, 0x179E, 0x6E2B, 0xC801, 0x506C, 0x9AEF, 0x96D6, 
    0xC218, 0xFFFF, 0xFFFF, 0xFFFF, 0xFFFF, 0xFFFF, 0xFFFF, 0xFFFF, 0xFFFF, 0xFFFF, 0xFFFF, 0xFFFF, 
    0xFFFF, 0xFFFF, 0xFFFF, 0xFFFF, 0xFFFF, 0xFFFF, 0xFFFF, 0xFFFF, 0xFFFF, 0xFFFF, 0xFFFF, 0xFFFF, 
    0xFFFF, 0xFFFF, 0xFFFF, 0xFFFF, 0xFFFF, 0xFFFF, 0xFFFF, 0xFFFF, 0xFFFF, 0xFFFF, 0x8210, 0x59E7, 
    0x77EF, 0xF4DE, 0xF5E6, 0xF5E6, 0x15E7, 0xF5E6, 0xF5E6, 0xF5E6, 0xF5E6, 0xF5E6, 0x15E7, 0x92D6, 
    0x30CE, 0x30CE, 0x30CE, 0x30CE, 0x30CE, 0x30CE, 0x30CE, 0x30CE, 0x30CE, 0x30CE, 0x30CE, 0x30CE, 
    0x30CE, 0x30CE, 0x30CE, 0x30CE, 0x30CE, 0x30CE, 0x30CE, 0x30CE, 0x30CE, 0x30CE, 0x30CE, 0x30CE, 
    0x30CE, 0x30CE, 0x30CE, 0x30CE, 0x30CE, 0x30CE, 0x30CE, 0x30CE, 0x30CE, 0x30CE, 0x30CE, 0x30CE, 
    0x50CE, 0x2FCE, 0x57EF, 0x99F7, 0xF4DE, 0x51D6, 0x30CE, 0x30CE, 0x30CE, 0x30CE, 0x30CE, 0x30CE, 
    0x30CE, 0x30CE, 0x30CE, 0x50CE, 0x2FCE, 0xD4E6, 0xDBF7, 0x7BD7, 0x7BCF, 0x179E, 0xCF43, 0xCC2A, 
    0x3395, 0xDBFF, 0x35C6, 0xA210, 0xFFFF, 0xFFFF, 0xFFFF, 0xFFFF, 0xFFFF, 0xFFFF, 0xFFFF, 0xFFFF, 
    0xFFFF, 0xFFFF, 0xFFFF, 0xFFFF, 0xFFFF, 0xFFFF, 0xFFFF, 0xFFFF, 0xFFFF, 0xFFFF, 0xFFFF, 0xFFFF, 
    0xFFFF, 0xFFFF, 0xFFFF, 0xFFFF, 0xFFFF, 0xFFFF, 0xFFFF, 0xFFFF, 0xFFFF, 0xFFFF, 0xFFFF, 0xFFFF, 
    0xFFFF, 0xFFFF, 0x39E7, 0x57EF, 0xD4DE, 0xF5DE, 0xF4DE, 0xF4DE, 0xF4DE, 0xF4DE, 0xF4DE, 0xF4DE, 
    0xF4DE, 0x15E7, 0x72D6, 0x0FCE, 0x2FCE, 0x0FCE, 0x0FCE, 0x0FCE, 0x0FCE, 0x0FCE, 0x0FCE, 0x0FCE, 
    0x0FCE, 0x0FCE, 0x0FCE, 0x0FCE, 0x0FCE, 0x0FCE, 0x0FCE, 0x0FCE, 0x0FCE, 0x0FCE, 0x0FCE, 0x0FCE, 
    0x0FCE, 0x0FCE, 0x0FCE, 0x0FCE, 0x0FCE, 0x0FCE, 0x0FCE, 0x0FCE, 0x0FCE, 0x0FCE, 0x0FCE, 0x0FCE, 
    0x0FCE, 0x0FCE, 0x0FCE, 0x2FCE, 0x0FCE, 0x37EF, 0x99F7, 0xD4DE, 0x30CE, 0x0FCE, 0x0FCE, 0x0FCE, 
    0x0FCE, 0x0FCE, 0x0FCE, 0x2FCE, 0x0FCE, 0x0FCE, 0x2FCE, 0x0FC6, 0xD4DE, 0xBBF7, 0x1AC7, 0x1AC7, 
    0x1AC7, 0x3AC7, 0x1AC7, 0xFCEF, 0x7AF7, 0xFFFF, 0xFFFF, 0xFFFF, 0xFFFF, 0xFFFF, 0xFFFF, 0xFFFF, 
    0xFFFF, 0xFFFF, 0xFFFF, 0xFFFF, 0xFFFF, 0xFFFF, 0xFFFF, 0xFFFF, 0xFFFF, 0xFFFF, 0xFFFF, 0xFFFF, 
    0xFFFF, 0xFFFF, 0xFFFF, 0xFFFF, 0xFFFF, 0xFFFF, 0xFFFF, 0xFFFF, 0xFFFF, 0xFFFF, 0xFFFF, 0xFFFF, 
    0xFFFF, 0xFFFF, 0xFFFF, 0xE318, 0x52AD, 0x9AF7, 0x99F7, 0x78EF, 0x78EF, 0x78EF, 0x78EF, 0x78EF, 
    0x78EF, 0x78EF, 0x78EF, 0x78EF, 0x78EF, 0x57EF, 0x36EF, 0x37EF, 0x37EF, 0x37EF, 0x37E7, 0x37E7, 
    0x37E7, 0x36EF, 0x36EF, 0x37E7, 0x36EF, 0x36E7, 0x37E7, 0x37EF, 0x37EF, 0x37E7, 0x37EF, 0x37EF, 
    0x36E7, 0x37EF, 0x37EF, 0x37E7, 0x36E7, 0x36E7, 0x37EF, 0x37EF, 0x36E7, 0x37E7, 0x37EF, 0x37EF, 
    0x36EF, 0x36EF, 0x36E7, 0x36E7, 0x36EF, 0x36E7, 0x37EF, 0x36E7, 0x99F7, 0xBAF7, 0x78EF, 0x37EF, 
    0x36E7, 0x36E7, 0x36EF, 0x37E7, 0x36E7, 0x36E7, 0x37EF, 0x37EF, 0x36EF, 0x37EF, 0x36E7, 0x78EF, 
    0xBAF7, 0x7AE7, 0x7AE7, 0x7AE7, 0x7AE7, 0xBBEF, 0xB4B5, 0xCA5A, 0xFFFF, 0xFFFF, 0xFFFF, 0xFFFF, 
    0xFFFF, 0xFFFF, 0xFFFF, 0xFFFF, 0xFFFF, 0xFFFF, 0xFFFF, 0xFFFF, 0xFFFF, 0xFFFF, 0xFFFF, 0xFFFF, 
    0xFFFF, 0xFFFF, 0xFFFF, 0xFFFF, 0xFFFF, 0xFFFF, 0xFFFF, 0xFFFF, 0xFFFF, 0xFFFF, 0xFFFF, 0xFFFF, 
    0xFFFF, 0xFFFF, 0xFFFF, 0xFFFF, 0xFFFF, 0xFFFF, 0x8531, 0xFCFF, 0xBAF7, 0xBAF7, 0xBAF7, 0xBAF7, 
    0xBAF7, 0xBAF7, 0xBAF7, 0xBAF7, 0xBAF7, 0xBAF7, 0xBAF7, 0xBAF7, 0xBAF7, 0xBBF7, 0xBAF7, 0xDBF7, 
    0xBBF7, 0xBAF7, 0xBBF7, 0xBAF7, 0xBAF7, 0xBAF7, 0xBAF7, 0xBAF7, 0xBAF7, 0xBAF7, 0xBAF7, 0xBAF7, 
    0xBAF7, 0xBAF7, 0xBAF7, 0xBAF7, 0xBAF7, 0xBAF7, 0xBAF7, 0xBAF7, 0xBAF7, 0xBAF7, 0xBAF7, 0xBAF7, 
    0xBBF7, 0xBAF7, 0xBAF7, 0xBAF7, 0xDBF7, 0xBBF7, 0xBAF7, 0xBAF7, 0xBAF7, 0xBAF7, 0xBBF7, 0xBAF7, 
    0xBAF7, 0xBAF7, 0xBBF7, 0xBAF7, 0xDAF7, 0xDBF7, 0xDAF7, 0xBAF7, 0xBAF7, 0xBAF7, 0xBAF7, 0xBAF7, 
    0xBBF7, 0xBBF7, 0xBAF7, 0xBAF7, 0xBAF7, 0xBAF7, 0xBAF7, 0x9AF7, 0xFDFF, 0xED7B, 0xFFFF, 0xFFFF, 
    0xFFFF, 0xFFFF, 0xFFFF, 0xFFFF, 0xFFFF, 0xFFFF, 0xFFFF, 0xFFFF, 0xFFFF, 0xFFFF, 0xFFFF, 0xFFFF, 
    
};
